T,D,G,Gy,Gz,A,Ay,Az,M,My,Mz,P,R,H,H_corrected
19979,42,0.53,2.21,1.58,0.03,0.06,0.91,0.01,0.46,-0.22,-2.05,3.49,-82.11,-164.22
20036,37,-0.95,-2.94,2.12,,0.06,0.91,0,0.46,-0.22,-4.1,1.78,-81.77,-163.54
20163,42,-7.27,10.5,2.81,0,0.1,0.89, ,0.46,-0.22,0.18,6.7,-82.18,-164.36
20293,41,-3.33,1.67,-0.05,0.05,0.08,0.94,0.01,0.45,-0.22,-2.81,5.06,-82.57,-165.14
20349,48,4.51,0.67,2.84,0.04,0.06,0.96,0,0.46,-0.21,-2.39,3.45,-81.39,-162.78
20407,50,3.51,-2.66,1.6,0.03,0.08,1,0,0.47,-0.21,-1.63,4.34,-81.67,-163.34
20463,45,3.51,-2.66,1.6,0.01,0.05,0.99,-0.01,0.47,-0.22,-0.86,2.69,-80.5,-161
20520,42,-4.4,-4.53,-0.09,0.04,0.08,0.96,0,0.47,-0.21,-2.09,4.82,-81.15,-162.3
20577,50,-4.03,-7.84,-0.25,0.02,0.06,0.99,-0.01,0.47,-0.21,-0.98,3.7,-80.32,-160.64
20634,56,-7.32,-6.85,-3.5,0.03,0.09,1.01,-0.01,0.46,-0.21,-1.42,5.02,-79.76,-159.52
20690,53,-3.36,-3.45,-2.76,0.04,0.07,0.96,-0.01,0.46,-0.21,-2.33,4.03,-79.61,-159.22
20748,54,7.47,-1.72,3.96,0.01,0.09,0.98,-0.01,0.46,-0.21,-0.37,5,-80.16,-160.32
20805,64,14.19,-6.67,3.29,-0.01,0.05,0.97,-0.01,0.48,-0.2,0.46,2.7,-79.7,-159.4
20861,65,12.37,-10.86,3.34,-0.01,0.04,0.98,-0.02,0.48,-0.19,0.62,2.55,-79.03,-158.06
20919,70,6.9,-4.22,0.9,-0.05,0.03,0.96,-0.02,0.49,-0.2,3.04,1.98,-79.4,-158.8
20975,77,-0.21,-3.75,-2.7,0,0.03,0.99,-0.02,0.49,-0.2,-0.26,1.92,-78.68,-157.36
21033,84,-0.25,-4.26,0.07, -,0.03,0.99,-0.03,0.49,-0.19,0.02,2.74,-78,-156
21163,97,5.2,3.09,6.55,0,-0.02,1,-0.03,0.51,-0.2,-0.1,-0.94,-78.02,-156.04
21293,107,2.42,-0.04,7.06,-0.07,0.01,0.98,-0.03,0.51,-0.21,4.01,0.67,-78.07,-156.14
21350,128,0.46,4.26,4.23,-0.03,0.03,1.02,-0.03,0.51,-0.2,1.69,1.5,-78.24,-156.48
21406,134,-2.72,0.63,0.82,-0.05,0.01,0.99,-0.03,0.52,-0.2,3.03,0.81,-78.31,-156.62
21464,141,-4.99,1.76,0.02,-0.05,0.01,0.97,-0.03,0.52,-0.2,2.74,0.68,-78.52,-157.04
21520,156,-5.63,3.21,-1.4,-0.04,0.01,0.94,-0.02,0.51,-0.19,2.27,0.61,-78.85,-157.7
21577,168,-2.42,3.26,2.11,-0.01,0.01,0.96,-0.02,0.51,-0.2,0.79,0.43,-78.89,-157.78
21635,179,0.52,-0.42,2.04,-0.03,0.02,0.96,-0.02,0.51,-0.2,1.87,1.47,-78.8,-157.6
21691,187,4.3,5.82,2.07,0,0.01,0.98,-0.02,0.51,-0.2,-0.16,0.86,-78.91,-157.82
21748,200,3.27,1.12,0.88,-0.01,0.02,1,-0.02,0.51,-0.2,0.46,0.92,-79.01,-158.02
21805,210,3.27,1.12,0.88,0.01,0.01,0.98,-0.02,0.51,-0.2,-0.31,0.68,-79.39,-158.78
21862,222,-0.27,-2.39,-1.95,0,-0.02,0.97,-0.02,0.52,-0.2,0.21,-1.4,-79.6,-159.2
21919,241,-1.41,-4.21,-0.69,-0.02,-0.01,0.96,-0.02,0.52,-0.2,1.15,-0.81,-78.87,-157.74
21976,248,-4.72,-0.49,-1.58,0,0,0.98,-0.02,0.52,-0.2,0.14,0.24,-79.4,-158.8
22033,266,-2.79,-2.41,-2.98,-0.06,-0.01,0.98,-0.02,0.52,-0.19,3.31,-0.36,-79.33,-158.66
22133,267,0.19,0.66,-1.29,-0.03,0,0.96,0,0.52,-0.19,2.07,0.27,-80.13,-160.26
22261,292,-1.12,4.87,1.65,-0.02,0.02,0.94,-0.02,0.53,-0.2,0.96,1.22,-79.67,-159.34
22347,328,-4,2.19,2.28,-0.01,0.01,0.97,-0.01,0.52,-0.2,0.41,0.81,-79.9,-159.8
22405,348, ,2.19,2.28,-0.02,0.03,1.01,-0.02,0.52,-0.2,1.13,1.42,-79.34,-158.68
22462,359,-5.5,-4.45,0.88,-0.02,0.01,0.97,-0.01,0.52,-0.2,0.9,0.56,-79.78,-159.56
22518,378,-3.17,-0.4,0.69,-0.02,0.01,1,-0.02,0.52,-0.2,1.33,0.56,-79.29,-158.58
22576,376,-4.02,-0.25,0.71,0.01,0,0.99,-0.02,0.52,-0.2,-0.58,-0.05,-79.47,-158.94
22632,395,0.73,-4.66,-1.09,-0.04,0.03,1.03,-0.02,0.52,-0.2,1.95,1.79,-79.71,-159.42
22689,396,-0.62,-6.69,-8.1,-0.04,0.01,0.98,-0.02,0.52,-0.19,2.43,0.52,-79.1,-158.2
22747,436,0.56,-8.04,-6.69,-0.06,0,0.93,-0.02,0.52,-0.19,3.54,-0.28,-78.83,-157.66
22803,453,-3.54,0,-11.86,-0.09,0.01,0.96,-0.03,0.52,-0.19,5.11,0.75,-78.07,-156.14
22860,465,-1.91,-0.52,-4.65,-0.02,0.04,0.91,-0.03,0.52,-0.19,1.22,2.69,-78.07,-156.14
22917,452,-2.73,-1.3,-5.02,-0.06,0.02,0.94,-0.03,0.52,-0.19,3.43,1.07,-78.21,-156.42
22974,489,-0.72,3.68,2.8,0,0.03,0.91,-0.02,0.52,-0.19,-0.03,1.59,-78.7,-157.4
23031,501,0.45,-0.17,4.6,-0.05,0.02,0.95,-0.02,0.52,-0.19,3.26,1.23,-78.85,-157.7
23089,517,0.45,-0.17,4.6,-0.04,-0.04,0.96,-0.03,0.52,-0.19,2.15,-2.23,-78.35,-156.7
 ,517,-7.72,5.34,-3.16,-0.01,0.02,0.95,-0.03,,-0.19,0.71,1.44,-78.41,-156.82
23347,578,-12.64,4.05,-4.45,,0.02,0.95,-0.01,0.51,-0.19,3.7,2.41,-79.88,-159.76
23478,571,5.21,-5.66,1.13,-0.05,0.05,0.98,-0.02,0.51,-0.18,2.66,2.82,-79.18,-158.36
,586,12.61,6.22,6.72,-0.04,0.04,0.98,-0.02,0.52,-0.19,2.2,2.56,-78.84,-157.68
23618,611,17.53,8.02,10.75,-0.02,0.05,0.98,-0.02,0.52,-0.19,1.1,2.84,-79.27,-158.54
23674,646,12.85,2.29,11.02,-0.03,0,0.97,-0.02,0.54,-0.19,1.57,0.24,-79.24,-158.48
23732,654,6.05,6.01,14.39,-0.03,0.01,0.98,-0.03,0.55,-0.19,1.56,0.37,-78.82,-157.64
23789,673,-4.65,7.74,10.74,-0.01,0.01,0.95,-0.02,0.55,-0.19,0.79,0.8,-79.15,-158.3
23845,677,-6.3,5.34,5.99,-0.02,0.03,0.95,-0.01,0.55,-0.19,1.35,1.52,-79.88,-159.76
23903,703,-7.88,1.84,-4,-0.02,0.03,0.98,-0.02,0.55,-0.2,1.15,2.01,-79.79,-159.58
23960,686,-4.82,-4,-5.81,0,0.04,0.97,-0.01,0.54,-0.2,-0.11,2.35,-80.11,-160.22
23960,672,-3.69,-3.72,-3.9,0.01,0.01,1,-0.01,0.54,-0.19, ,0.71,-79.95,-159.9
24146,697,-1.12,2.25,9.95,-0.02,0.02,0.96,-0.01,0.54,-0.19,1.38,1.41,-80,-160
24278,759,0.18,6.63,10.31,0.01,0.02,0.93,0,0.55,-0.19,-0.37,1.23,-81.02,-162.04
24334,756,3.38,20.23,6.54,-0.03,0.03,0.95,0,0.55,-0.19,1.85,1.69,-81.19,-162.38
24391,760,0.73,9.77,4.08,0,-0.01,0.92,0.01,0.56,-0.19,-0.18,-0.6,-82.11,-164.22
24457,795,2.22,3.26, ,0.03,-0.02,1,0.01,0.56,-0.2,-1.72,-1.09,-82.24,-164.48
24514,844,-4.41,3.68,-2.41,0.04,-0.01,1.01,0.01,0.56,-0.19,-2.35,-0.53,-82.29,-164.58
24570,824,-0.62,-3.13,-0.41,0.09,0.01,0.95,0.01,0.56,-0.19,-5.57,0.66,-82.71,-165.42
24628, ,4.53,0.45,-0.62,0.01,0,1,0.01,0.56,-0.19,-0.45,0.27,-82.53,-165.06
24685,835,8.78,0.48,-0.23,0.05,0.01,0.92,0.01,0.56,-0.2,-2.95,0.59,-82.51,-165.02
24741,819,5.22,3.29,-6.48,-0.04,-0.03,0.94,0.01,0.57,-0.19,2.28,-1.87,-82.78,-165.56
24799,848,1.57,-3.91,-11.36,0.06,0,0.94,0.02,0.56,-0.19,-3.47,0.15,-83.04,-166.08
24855,857,-8.2,-7.85,-6.57,0.03,-0.03,0.96,0.01,0.57,-0.19,-1.65,-1.93,-82.34,-164.68
24912,881,-13.54,-6.14,-1.33,0.04,0.01,0.98,0.01,0.56,-0.19,-2.11,0.33,-82.05,-164.1
24970,889,-14.06,-0.55,-1.19,-0.01,0.01,0.96,0.01,0.56,-0.18,0.32,0.57,-82.47,-164.94
25027,897,-2,-1.62,0.27,0.03,0.02,0.89,0,0.56,-0.18,-2.12,1.58,-81.54,-163.08
25157,913,2.51,-3.8,3.07,-0.12,-0.06,0.92,0.01,0.56,-0.19,7.25,-3.76,-82.04,-164.08
25285,955,4.56,-1.85,-4.22,0.04,-0.04,1,0.01,0.55,-0.2,-2.08,-2.03,-82.59,-165.18
25341,925,2.22,-10.55,5.85,0.03,-0.05,0.97,0.01,0.56,-0.19,-1.89,-3,-82.27,-164.54
25399,962,7.09,-3.4,10.65,-0.02,-0.01,0.97,0,0.56,-0.19,1.46,-0.55,-81.89,-163.78
25456,920,11.32,-1.52,4,0,-0.01,0.95,0,0.56,-0.19,0.17,-0.86,-81.58,-163.16
25512,929,9.57,1.11,3.06,0.02,-0.01,0.95,0,0.57,-0.19,-1.05,-0.57,-81.5,-163
25570,,7.25,-0.59,3.34,0.01,-0.03,0.93,0,0.58,-0.18,-0.41,-1.83,-81.74,-163.48
25627,932,9,-0.59,3.34,-0.02,-0.01,0.98,0,0.58,-0.18,1.07,-0.67,-81.01,-162.02
25684,933,4.18,-0.59,-2.9,0.01,-0.04,0.99,0,0.58,-0.19,-0.42,-2.48,-81.3,-162.6
25742,961,-2,-3.76,-3.85,0,-0.07,1,0,0.59,-0.18,-0.06,-3.88,-81.11,-162.22
25798,893,-2.63,-13.49,1.68,0.01,-0.06,0.95,0,0.59,-0.19,-0.58,-3.37,-81.24,-162.48
25856,999,-0.81,-2.12,2.28,-0.02,-0.06,0.97,-0.01,0.59,-0.17,1.45,-3.39,-80.44,-160.88
25912,920,2.83,-6.69,2.47,-0.03,-0.09,0.93,-0.01,0.59,-0.18,2.08,-5.4,-80.65,-161.3
25969,960,10.26,-1.33,2.73,-0.05,-0.05,0.91,-0.01,0.61,-0.17,3.08,-2.93,-80.29,-160.58
26027,969,14.5,-5.58,2.51,-0.02,-0.09,0.95, ,0.61,-0.17,1.3,-5.43,-80.09,-160.18
26158,,-10.68,-1.47,6.09,-0.08,-0.11,0.97,-0.02,0.64,-0.15,4.63,-6.43,-79.41,-158.82
26290,968,-4.26,3.23,-7.63,-0.06,-0.09,0.94,-0.02,0.63,-0.15,3.55,-5.64,-79.31,-158.62
26347,933,4.33,1.93,-6.94,-0.05,-0.09,0.97,-0.02,0.63,-0.15,2.81,-5.26,-79.61,-159.22
26403,945,6.53,0.61,-4.35,-0.04,-0.12,0.98,-0.02,0.63,-0.15,2.39,-7.14,-79.29,-158.58
26461,941,3.6,3.36,-0.06,-0.05,-0.11,0.96,-0.02,0.63,-0.15,2.92,-6.77,-79.35,-158.7
26518,989,-1.01,4.42,-2.28,-0.04,-0.12,0.98,-0.02,0.63,-0.15,2.22,-7.23,-79.35,-158.7
26574,985,-1.59,1.4,-0.34,-0.02,-0.12,0.94,-0.02,0.63,-0.15,1.27,-7.47,-79.42,-158.84
26632,942,-0.34,1.92,-0.78,-0.07,-0.12,0.97,-0.02,0.63,-0.15,3.92,-6.83,-79.98,-159.96
26689,983,3.86,-3.85,-2.16,-0.02,-0.12,0.96,-0.02,0.63,-0.15,1.43,-7.1,-79.4,-158.8
26746,948,1.66,0.95,-3.47,-0.07,-0.09,0.98,-0.02,0.63,-0.15,4.29,-5.08,-79.17,-158.34
26804,995,-5.03,0.55,-4.35,-0.06,-0.1,0.96,-0.02,0.63,-0.15,3.56,-6.19,-79.49,-158.98
26860,946,-7.14,4.03,-4.62,-0.03,-0.08,0.98,-0.02,0.63,-0.15,2.02,-4.38,-79.58,-159.16
26917,964,-8.79,-4.8,-1.34,-0.04,-0.09,0.99,-0.02,0.62,-0.15,2.17,-4.96,-79.24,-158.48
26974,990,-11.75,5.85,-0.22,-0.03,-0.08,0.98,-0.02,0.62,-0.15,1.64,-4.39,-79.6,-159.2
27032,949,-11.43,6.57,4.56,0,-0.08,0.98,-0.01,0.62,-0.15,0.95,-2.25,-80.16,-160.32
27161,985,2.46,-9.01,-7.96,,-0.08,0.98,-0.02,0.61,-0.15,3.13,-1.28,-79.77,-159.54
27291,963,-3.54,-13.05,-6.62,-0.06,-0.04,0.98,-0.03,0.61,-0.14,3.26,-2.62,-78.84,-157.68
27348,991,-5.62,-4.8,-2.55,-0.03,-0.04,0.98,-0.03,0.6,-0.14,1.71,-2.54,-78.65,-157.3
27406,990,-4.48,-8.6,-2.84,-0.1,-0.03,0.97,-0.03,0.6,-0.15,5.93,-2,-78.69,-157.38
27462,976,0.37,2.09,-3.99,-0.07,-0.04,0.95,-0.03,0.61,-0.15,4.04,-2.33,-78.67,-157.34
27520,991,0.63,1.81,-6.34,-0.08,-0.08,0.96,-0.03,0.6,-0.15,4.86,-4.61,-78.81,-157.62
27576,981,-1.26,12.64,-9.27,-0.07,-0.05,1,-0.02,0.6,-0.15,3.74,-3.05,-79.07,-158.14
27633,986,-5.25,0.08,-5.58,-0.06,-0.05,1,-0.03,0.6,-0.15,3.17,-2.76,-78.84,-157.68
27691,970,-3.8,-5.33,-0.19,-0.07,-0.03,0.96,-0.03,0.59,-0.15,4.2,-1.66,-78.82,-157.64
27747,997,1.5,0.23,-0.93,-0.09,-0.03,0.95,-0.03,0.6,-0.15,5.29,-1.9,-78.42,-156.84
27805,996,2.91,5.41,-4.84,-0.08,-0.03,0.95,-0.02,0.6,-0.15,4.9,-1.96,-79.28,-158.56
27863,1029,3.09,1.43,-3.95,-0.06,-0.05,0.94,-0.03,0.6,-0.15,3.86,-2.88,-78.89,-157.78
27919,992,-1.16,0.9,-1.54,-0.06,-0.05,0.98,-0.03,0.6,-0.14,3.55,-3.04,-78.99,-157.98
27976,965,-7.62,2.69,3.89,-0.07,-0.06,0.97,-0.02,0.6,-0.15,3.98,-3.63,-79.39,-158.78
,1000,-7.32,-7.46,6.02,0,-0.06,0.97,-0.02,0.59,-0.15,7.48,-2.67,-79.01,-158.02
28166,997,-2.73,2.77,0.17,0,-0.06,0.97,-0.03,0.59,-0.15,4.98,-4.59,-7,-14
28296,968,-1.29,4.94,-7.67,-0.03,-0.04,0.97,-0.02,0.59,-0.15,1.71,-2.37,-79.42,-158.84
28426,,0.1,4.55,0.54,-0.08,-0.02,0.97,-0.02,0.59,-0.16,4.52,-1.25,-79.59,-159.18
,1013,-2.17,8.65,-6.1,-0.04,-0.02,0.96,-0.02,0.59,-0.16,2.61,-1.19,-79.83,-159.66
28562,997,-3.93,-0.28,-1.37,0,-0.06,0.96,-0.02,0.59,-0.16,0.18,-3.62,-79.79,-159.58
28618,977,-7.58,-3.55,6.9,-0.07,-0.06,0.99,-0.02,0.58,-0.15,3.87,-3.24,-79.36,-158.72
28676,988,-7.54,7.68,2.99,-0.06,-0.01,0.94,-0.02,0.59,-0.15,3.67,-0.85,-79.72,-159.44
28733,998,-2.49,6.82,-3.82,-0.06,0.01,0.97,-0.01,0.58,-0.15,3.38,0.6,-80.31,-160.62
28789,975,3.08,-0.19,-5.12,-0.01,0,0.95,-0.01,0.58,-0.17,0.69,-0.1,-80.89,-161.78
28847,991,4.13,-7.4,2.43,-0.05,0,1,-0.01,0.58,-0.16,2.65,0.14,-80.01,-160.02
28903,1033,3.26,-5.5,5.18,-0.07,-0.02,0.99,-0.02,0.58,-0.16,3.81,-1.28,-79.73,-159.46
28960,941,-0.87,1.46,2.57,-0.08,-0.02,1.02,-0.02,0.59,-0.16,4.24,-1.3,-79.83,-159.66
29018,1001,-3.75,0.77,-0.56,-0.02,-0.03,0.98,-0.01,0.58,-0.15,1.3,-1.49,-79.96,-159.92
29109,1002,-2.91,-0.12,6,-0.02,-0.04,0.94,-0.02,0.58,-0.15,1.38,-2.17,,0
29241,1035,2.56,-1.79,2,-0.02,-0.05,0.94,-0.02,0.59,-0.15,1.03,-3.2,-79.67,-159.34
29332,1039,-3.13,0.95,1.71,-0.03,-0.07,0.94,-0.02,0.59,-0.16,1.61,-4.14,-79.53,-159.06
29389,1020,-2.29,-1.12,6.9,-0.02,-0.06,0.92,-0.02,0.59,-0.15,1.11,-4.02,-79.71,-159.42
29447,1001,-3.75,5.3,10.41,-0.04,-0.06,1.02,-0.02,0.59,-0.15,2.41,-3.15,-79.43,-158.86
29503,1031,0.21,1.98,9.25,-0.07,-0.03,0.98,-0.02,0.59,-0.15,4.18,-2.01,-79.81,-159.62
29560,1024,-1.09,1.38,-0.81,-0.04,-0.05,1,-0.01,0.6,-0.15,2.13,-2.7,-80.05,-160.1
29618,994,-0.28,-2.54,-7.32,-0.02,-0.02,1,-0.01,0.6,-0.15,1.21,-1.16,-80.04,-160.08
29675,1017,0.07,-4.68,-8.01,-0.04,-0.03,0.97,-0.02,0.59,-0.15,2.37,-2.01,-79.79,-159.58
29732,1041,3.4,-3.54,-4.5,-0.06,-0.01,0.98,-0.02,0.59,-0.15,3.33,-0.75,-79.72,-159.44
29789,1019,1.88,0.43,-3.12,-0.07,-0.02,0.98,-0.03,0.59,-0.14,3.9,-1.29,-78.88,-157.76
29846,1016,-2.62,3.51,1.99,-0.03,0,0.95,-0.02,0.59,-0.14,1.92,-0.3,-79.54,-159.08
29903,1019,-4.93,-4.54,3.22,-0.06,0,0.95,-0.02,0.59,-0.14,3.69,0.05,-79.5,-159
29960,1058,-5.15,2.14,5.17,-0.08,-0.01,0.95,-0.02,0.59,-0.14,4.75,-0.68,-79.51,-159.02
30017,1029,0.28,-0.14,6.76,-0.09,0,0.97,-0.02,0.59,-0.14,5.1,-0.01,-79.59,-159.18
,1041,1.82,6.65,-0.49,0,0,0.97,-0.02,0.6,-0.14,4.27,-1.09,-79.89,-159.78
30204,993,-5.21,-5.09,3.44,-0.07,-0.04,0.96,-0.02,0.6,-0.14,4.23,-2.58,-79.87,-159.74
30337,1032,6.05,7.83,5.95,-0.04,-0.04,0.93,-0.02,0.6,-0.15,2.53,-2.59,-79.9,-159.8
30394,102,5.06,4.19,2.63,-0.05,-0.04,0.95,-0.02,0.6,-0.14,3.3,-2.41,-79.97,-159.94
30450,1062,0.44,4.31,0.61,-0.05,-0.05,0.96,-0.01,0.61,-0.14,2.84,-2.72,-80.08,-160.16
30508,1059,-8.47,3.45,-3.07,-0.06,-0.05,0.93,-0.01,0.61,-0.15,3.38,-3.23,-80.43,-160.86
30565,1024,-6.92,-1.39,-6.03,-0.05,-0.05,0.94,-0.01,0.6,-0.15,3.06,-2.95,-80.25,-160.5
30622,1,-6.41,4.38,-10.1,-0.02,-0.03,0.98,-0.01,0.6,-0.15,1.44,-1.79,-80.13,-160.26
30680,1074,-1.72,1.47,-12.3,-0.07,-0.02,1,-0.01,0.59,-0.14,4.24,-1.16,-80.49,-160.98
30737,1048,-1.09,1.5,-8.48,0,0,0.99,-0.01,0.6,-0.15,-0.29,-0.01,-80.77,-161.54
30793,1006,-2.22,2.53,-2.87,-0.01,-0.02,0.99,-0.01,0.59,-0.15,0.35,-1.05,-80.56,-161.12
30851,1010,-0.99,0.76,1.56,-0.04,0,0.98,-0.01,0.59,-0.15,2.59,0.19,-80.62,-161.24
30908,1088,-4.31,-2.63,-1.66,-0.03,-0.03,0.97,-0.01,0.59,-0.14,2.02,-1.9,-80.66,-161.32
30964,1093,-1.92,-3.67,-5.41,-0.09,0,0.96,-0.01,0.59,-0.14,5.39,-0.18,-80.57,-161.14
31022,1044,1.33,-1.73,-5.05,-0.04,0,0.96,-0.01,0.58,-0.15,2.17,0.13,-80.18,-160.36
31079,1020,0.44,0.84,-2.14,-0.04,-0.01,0.99,-0.01,0.59,-0.15,2.22,-0.4,-80.61,-161.22
31135,1040,-2.16,0,-2.14,-0.04,0.01,0.96,-0.01,0.59,-0.14,2.15,0.62,-80.44,-160.88
31266,1033, ,0,-2.14,-0.04,-0.02,0.96,-0.01,0,-0.14,2.66,-0.91,-80.33,-160.66
31393,1054,-4.88,6.26,4.92,-0.04,-0.02,0.96,-0.01,0.59,-0.14,0.58,-1.22,-80.74,-161.48
31451,1001,-4.72,2.28,3.45,-0.01,-0.02,0.95,0,0.59,-0.15,0.75,-1.49,-81.3,-162.6
31508,950,-2.55,1.28,2.21,0.02,-0.02,0.93,0,0.59,-0.14,-1.22,-1.26,-81.73,-163.46
31564,1029,-2.66,0,6.85,-0.01,-0.03,0.94,0,0.58,-0.15,0.48,-2.04,-81.1,-162.2
31623,1067,-2.64,4.09,8.21,0,-0.03,0.96,0,0.59,-0.14,-0.22,-1.53,-81.58,-163.16
31679,1032,-3.37,2.56,8.96,0,-0.04,0.97,0,0.58,-0.15,0.02,-2.38,-81.76,-163.52
31736,1014,-2.94,-0.14,8.78,0,-0.02,0.99,0,0.59,-0.14,-0.24,-1.33,-81.49,-162.98
31794,1064,-1.82,-6.36,4.3,-0.04,-0.04,0.97,0,0.59,-0.14,2.57,-2.24,-81.56,-163.12
31850,1025,-0.35,4.17,-0.2,0.01,0.06,1.03,0,0.59,-0.14,-0.45,3.19,-81.23,-162.46
31907,1054,1.1,0.33,-7.36,0.03,0.01,0.95,0,0.59,-0.14,-1.69,0.53,-81.66,-163.32
31964,1023,0.45,-7.57,-7.99,-0.04,0.02,0.95,0,0.59,-0.14,2.51,1.33,-81.49,-162.98
32021,1033,-0.71,-5.61,-0.25,-0.02,0.03,0.99,-0.01,0.59,-0.13,1.25,1.61,-80.9,-161.8
32078,107,-0.81,4.73,5.81,-0.06,0.04,0.95,0,0.59,-0.13,3.34,2.37,-81.28,-162.56
32136,1047,2.04,2.97,2.68,-0.05,0.01,0.96,0,0.6,-0.13,3.15,0.78,-81.62,-163.24
32267,1032,-4,0.86,5.43,-0.04,0.02,0.96,0.01,0.59,-0.13,2.4,1.27,-81.93,-163.86
32396,1024,-1.7,3.51,5.64,-0.08,0.01,0.97,0,0.59,-0.12,4.41,0.81,-81.58,-163.16
32453,1054,0.11,1.72,2.37,-0.03,0,0.92,0.01,0.59,-0.13,1.98,0.09,-81.93,-163.86
32509,1067,-2.25,-0.88,-0.8,-0.05,0,1,0,0.59,-0.12,2.77,0.11,-81.19,-162.38
32567,1001,-4.24,-6.56,3.74,-0.02,-0.01,0.94,0,0.59,-0.12,1.21,-0.81,-81.61,-163.22
32624,1026,-3.42,-2.93,6.61,-0.07,-0.01,0.96,0,0.59,-0.12,4.35,-0.88,-81.72,-163.44
32680,1039,-0.29,2.46,6.9,-0.06,-0.01,0.92,0,0.59,-0.12,3.54,-0.84,-81.43,-162.86
32739,1042,1.47,5.4,2.64,-0.07,-0.01,0.97,0,0.59,-0.11,3.92,-0.8,-81.11,-162.22
32796,1042,-0.25,-0.62,-0.11,-0.04,-0.03,0.95,0,0.59,-0.12,2.25,-1.55,-81.61,-163.22
32852,1046,-4.19,2.71,-3.26,-0.02,-0.02,0.98,0,0.59,-0.12,1.46,-1.04,-81.68,-163.36
32910,1045,-5.08,1.23,-6.4,0,0.01,0.95,0.01,0.58,-0.12,-0.07,0.53,-82.25,-164.5
32967,1015,-3.14,4.03,-4.38,-0.03,0,0.97,0.01,0.58,-0.12,1.68,-0.23,-82.64,-165.28
33024,1008,-0.71,0.2,-8.66,-0.05,-0.01,0.98,0.01,0.58,-0.11,2.9,-0.36,-82.25,-164.5
33024,1038,2.62,9.62,-4.46,-0.07,0.05,1.09,0,0.58,-0.11,3.5,2.87,-82.51,-165.02
33211,1031,5.06,-6.62,0,-0.01,0,0.95,0.02,0.58,-0.11,0.31,-0.18,,0
33343, ,9.21,-2.07,-7.42,0,0.03,0.99,0,0.59,-0.1,-0.01,1.58,-81.52,-163.04
33473,1063,-5.64,-4.81,2.7,-0.02,0,0.97,-0.01,0.58,-0.1,1.02,0.1,-80.91,-161.82
33558,1046,-9.84,-8.73,5.07,-0.03,-0.04,0.93,-0.01,0.58,-0.11,1.98,-2.49,-80.38,-160.76
33615,1016,-8.59,-5.95,5.11,-0.06,-0.02,0.96,0,0.58,-0.1,3.63,-1.12,-80.98,-161.96
33673,,-7.92,-1.67,3.85,-0.09,0,0.95,-0.01,0.57,-0.11,5.45,0.13,-80.61,-161.22
33729,1076,-3.44,18.75,3.82,-0.02,0.04,0.97,-0.01,0.58,-0.11,1.43,2.15,-80.22,-160.44
33786,1054,0.48,1.76,3.19,-0.05,-0.01,0.95,0,0.57,-0.11,2.89,-0.63,-81.01,-162.02
33844,1052,-0.4,-3.44,3.98,0.01,-0.01,0.93,-0.01,0.57,-0.11,-0.88,-0.49,-80.48,-160.96
33900,1082,0.45,-2,3.17,-0.03,-0.04,0.93,-0.01,0.58,-0.11,2.13,-2.21,-80.43,-160.86
33957,1073,0.89,-7.17,5.41,-0.02,-0.02,0.96,-0.01,0.57,-0.11,1.2,-1.26,-80.12,-160.24
34015,1061,1.51,-0.94,8.04,-0.05,0,0.99,-0.02,0.57,-0.11,3,-0.04,-79.48,-158.96
34071,1098,-0.43,8.98,4.57,-0.03,-0.05,0.99,-0.01,0.57,-0.11,1.91,-2.62,-80.23,-160.46
34129,1041,-5.98,6.3,9.96,0,-0.05,0.99,-0.02,0.57,-0.11,3.36,-0.41,-79,-158
34262,1038,-1.5,0.04,-1.07,-0.04,0.01,0.99,-0.02,0.57,-0.11,2.53,0.84,-79.23,-158.46
34390,1059,3.25,3.42,6.13,-0.05,0.02,0.97,-0.02,0.57,-0.11,3.09,1.03,-79.19,-158.38
34447,1061,2.17,5.29,4.25,-0.05,0.03,0.97,-0.03,0.57,-0.11,2.91,1.56,-78.66,-157.32
34503,1046,1.19,1.37,3.47,-0.06,0.02,0.96,-0.02,0.57,-0.12,3.4,1.3,-79.09,-158.18
34561,1104,0.62,2.98,0.25,-0.06,0.03,0.94,-0.02,0.57,-0.11,3.7,1.53,-78.94,-157.88
34618,1091,-1.78,2.31,1,-0.04,-0.02,0.96,-0.02,0.58,-0.11,2.58,-1.26,-78.98,-157.96
3467,1022,-6.89,-1.58,3.41,-0.05,-0.01,0.97,-0.02,0.57,-0.11,2.98,-0.79,-78.94,-157.88
34733,1116,-6.66,0.32,5.16,-0.04,0,0.97,-0.03,0.57,-0.12,2.66,-0.02,-78.63,-157.26
34789,1044,-2.72,1.84,2.55,-0.04,-0.02,0.96,-0.03,0.57,-0.11,2.65,-1.07,-78.62,-157.24
34846,1094,1.14,-8.56,5.44,-0.05,-0.01,0.94,-0.03,0.57,-0.11,3.26,-0.76,-78.25,-156.5
34904,1046,-0.81,-0.01,5.15,-0.07,0,0.97,-0.03,0.57,-0.11,4.12,-0.2,-78.44,-156.88
34960,1098,0.63,0.11,2.78,-0.07,-0.01,0.95,-0.03,0.57,-0.11,3.93,-0.84,-78.06,-156.12
35017,1047,-2.9,4.13,-0.71,-0.06,-0.01,0.96,-0.03,0.57,-0.11,3.62,-0.3,-78.11,-156.22
35097,1075,-4.51,1.48,-6.08,-0.01,0.01,0.99,-0.03,0.57,-0.12,0.77,0.42,-78.75,-157.5
35228,1,1.15,4.28,2.75,-0.02,0.07,1.01,-0.03,0.57,-0.12,1.29,3.74,-78.48,-156.96
35332,1084,6.05,6.6,-2.7,-0.04,-0.02,0.96,-0.03,0.57,-0.12,2.22,-1.21,-78.73,-157.46
35389,1066,0.63,3.03,-8.81,0,-0.01,0.96,-0.02,0.58,-0.12,0.25,-0.63,-78.97,-157.94
35446,1085,-0.91,-8.02,-5.26,-0.01,-0.02,0.95,-0.03,0.57,-0.12,0.5,-1.05,-78.86,-157.72
35503,1022,0.33,1.42,-6.36,-0.04,0.03,0.95,-0.03,0.57,-0.12,2.67,1.97,-78.7,-157.4
35560,1071,6.75,-1.22,-2.11,-0.01,0.02,0.92,-0.03,0.58,-0.12,0.66,1.5,-78.51,-157.02
35617,1054,4.1,3.06,-6,-0.06,0.01,0.99,-0.03,0.58,-0.12,3.22,0.63,-78.47,-156.94
35674,1134,2.83,-3.6,-1.51,0.01,0,0.98,-0.03,0.58,-0.13,-0.31,-0.04,-78.81,-157.62
35732,1075,0.45,-5.2,0.12,-0.04,-0.01,0.95,-0.03,0.58,-0.12,2.39,-0.76,-78.49,-156.98
35788,1131,-2.49,-0.06,-1.99,-0.03,-0.03,0.96,-0.04,0.58,-0.13,1.71,-1.86,-77.62,-155.24
35846,1058,-8,-0.06,-1.99,-0.06,-0.01,0.96,-0.03,0.58,-0.12,3.87,-0.45,-78.35,-156.7
35903,1022,-6.9,0.9,-2.7,0,-0.03,0.95,-0.03,0.58,-0.12,0.19,-1.91,-78.12,-156.24
35959,1117,-6.74,0.87,-2.17,-0.02,-0.05,0.93,-0.03,0.57,-0.13,1.47,-3.11,-78.33,-156.66
36017,1088,-2.45,0.7,1.58,0.01,-0.03,0.92,-0.03,0.57,-0.13,-0.43,-1.93,-78.24,-156.48
36074,1094,0.5,6.43,4.7,-0.03,-0.03,0.97,-0.03,0.57,-0.13,1.57,-1.74,-78.27,-156.54
36131,1047,3.17,-3.17,5.41,-0.03,-0.03,0.97,-0.04,0.58,-0.12,2.24,-3.51,-7,-14
36261,1,-1.44,-7.8,12.33,-0.05,0.09,1.03,-0.04,0.57,-0.13,2.67,4,-77.47,-154.94
36388,1098,5.05,-10.14,1.17,-0.06,0.05,0.96,-0.04,0.57,-0.13,3.76,3.18,-77.06,-154.12
36446,107,6.3,-6.87,4.38,-0.09,0.02,0.99,-0.04,0.59,-0.13,4.93,1.28,-77.64,-155.28
36502,1094,1.63,4.94,2.85,-0.09,0.02,0.97,-0.05,0.59,-0.13,5.17,1.14,-76.97,-153.94
36559,1065,-3.12,0.56,2.63,-0.02,0.03,0.95,-0.04,0.59,-0.13,1.5,1.57,-77.49,-154.98
36616,1103,0.95,-1.89,1.17,-0.07,0.03,0.94,-0.04,0.59,-0.13,4.45,1.85,-77.21,-154.42
36673,1127,-1.09,0.27,-5.26,-0.08,0.03,0.98,-0.04,0.59,-0.13,4.55,1.91,-77.31,-154.62
36731,1124,-4.85, ,-5.26,-0.01,-0.03,0.94,-0.05,0.59,-0.13,0.83,-1.58,-76.95,-153.9
,1056,-7.71,0.84,3.35,-0.07,0.01,1.01,-0.05,0.58,-0.13,3.79,0.46,-76.82,-153.64
36845,1,-8.52,8.54,3.76,-0.01,-0.01,0.93,-0.04,0.58,-0.12,0.89,-0.5,-77.09,-154.18
36901,1072,-1.67,3.1,0.8,-0.08,0.02,0.93,-0.04,0.58,-0.13,4.65,1.1,-77.31,-154.62
36959,1,-1.72,-0.09,-6.85,-0.03,-0.03,0.94,-0.05,0.58,-0.13,1.55,-1.72,-76.55,-153.1
37016,1102,-8.77,11.15,-1.11,-0.04,0,0.96,-0.04,0.58,-0.13,2.59,-0.21,-77.22,-154.44
37072,1045,-10.03,9.59,2.28,-0.02,0.01,0.95,-0.04,0.58,-0.13,1.45,0.8,-77.4,-154.8
37130,1066,-1.85,3.88,0.21,0,0.01,0.95,-0.03,0.57,-0.14,2.75,0.73,-78.03,-156.06
37260,1066,4.94,-4.77,1.31,0,0.01,0.95,-0.03,0.58,-0.14,3.92,3.16,-77.99,-155.98
37389,1040,1.91,-1.82,1.29,0.02,0.01,1,-0.03,0.58,-0.14,-1.1,0.39,-78.16,-156.32
37446,1078,-5.05,4.04,-4.79,-0.02,-0.01,0.99,-0.03,0.58,-0.13,1.01,-0.38,-78.5,-157
37504,1124,-0.19,-9.32,-4.32,-0.03,0.06,0.92,-0.03,0.57,-0.14,1.72,3.86,-78.04,-156.08
37560,1124,8.95,-0.24,-2.74,0.01,0.06,0.93,-0.03,0.58,-0.14,-0.48,3.92,-77.99,-155.98
37617,1077,10.32,-1.5,-3.65,-0.07,0,0.98,-0.03,0.59,-0.13,3.81,0.15,-78.06,-156.12
37673,1077,2.32,-4.01,-4.24,0,0.03,0.98,-0.03,0.59,-0.13,-0.05,1.53,-78.2,-156.4
37731,1064,-4.09,0.72,-4.91,-0.03,-0.02,0.96,-0.04,0.59,-0.14,1.94,-1.48,-77.79,-155.58
37,1089,-6.48,-1.03,-0.55,0.02,-0.01,0.94,-0.04,0.58,-0.14,-1.05,-0.9,-77.97,-155.94
37846,1097,-5.99,5.43,2.27,-0.01,0,0.98,-0.04,0.59,-0.14,0.85,0.04,-77.88,-155.76
37903,1054,0.23,0.33,-0.88,0.01,0,0.93,-0.03,0.58,-0.14,-0.38,0.08,-78.02,-156.04
37960,1046,,0.33,-0.88,0.01,-0.02,0.95,-0.04,0.59,-0.14,-0.47,-1.5,-77.84,-155.68
38017,1100,4.78,-0.27,2.32,0.01,-0.04,0.95,-0.03,0.59,-0.14,-0.34,-2.19,-78.1,-156.2
38075,1077, ,-0.27,2.32,-0.01,-0.05,0.95,-0.03,0.59,-0.13, ,-2.95,-78.19,-156.38
38075,1077,0.32,4.9,15.01,-0.06,-0.06,1,0,0.59,-0.13,3.37,-3.22,-77.5,-155
38468,1,1.39,3.31,-4.93,-0.02,-0.05,0.96,-0.04,0.61,-0.14,0.94,-3.11,-77.55,-155.1
38562,1058,-9.06,-10.18,0.91,-0.02,0.02,1,-0.05,0.6,-0.14,1.27,0.94,-76.88,-153.76
38620,1109,-6.71,5.18,-0.41,-0.02,0.03,0.92,-0.05,0.61,-0.14,1.48,1.94,-76.92,-153.84
38676,1075,3.33,3.15,1,-0.03,0.05,0.96,-0.04,0.61,-0.15,1.61,2.86,-77.34,-154.68
38733,1071,6.08,-2.84,-0.43,-0.05,0.01,0.98,-0.04,0.61,-0.14,2.76,0.3,-77.23,-154.46
3,1070,1.56,-0.61,3.07,-0.05,-0.02,0.99,-0.05,0.61,-0.14,2.97,-1.32,-76.95,-153.9
38847,1072,-6.39,-0.38,1.34,-0.07,-0.03,0.96,-0.05,0.61,-0.15,4.33,-1.57,-76.87,-153.74
38904,1072,-7.89,4.13,0.49,-0.03,0,0.96,-0.05,0.61,-0.15,1.68,-0.04,-76.78,-153.56
38961,1064,-7.4,-4.71,-1.83,-0.04,-0.04,0.95,-0.05,0.61,-0.14,2.57,-2.27,-76.73,-153.46
39018,1133,-3.97,-3.11,-3.01,-0.01,-0.03,0.94,-0.05,0.6,-0.15,0.77,-1.67,-76.76,-153.52
39075,1076,-3.97,-3.11,-3.01,-0.07,-0.04,0.96,-0.05,,-0.15,4.17,-2.51,-76.76,-153.52
39205,1081,-2.62,1.95,2.73,,-0.04,0.96,-0.05,0.61,-0.14,3.71,-4.35,-7,-14
39336,1093,-0.33,10.46,7.19,-0.1,-0.02,1.01,-0.05,0.62,-0.15,5.91,-1.4,-76.71,-153.42
39394,1083,-1.31,7.51,-4.28,-0.01,0,1,-0.04,0.61,-0.15,0.31,0,-77.46,-154.92
39451,1085,5.11,0.08,-5.18,-0.06,0.03,1.02,-0.04,0.62,-0.15,3.19,1.48,-77.42,-154.84
39507,1087,1.04,-1.6,-10.95,-0.02,-0.01,1,-0.04,0.62,-0.15,1.31,-0.45,-77.49,-154.98
39565,1091,0.18,-6.08,-11.61,-0.05,0.01,0.98,-0.04,0.62,-0.15,2.88,0.33,-77.85,-155.7
39622,1043,-0.22,2.17,-9.29,-0.06,-0.04,0.95,-0.05,0.62,-0.15,3.76,-2.56,-77.13,-154.26
39680,1055,-1.26,9.13,-1.48,-0.01,0.06,0.95,-0.04,0.62,-0.15,0.41,3.91,-78.12,-156.24
39737,1091,0.34,3.66,-4.83,-0.03,0.04,0.94,-0.04,0.62,-0.15,1.61,2.2,-77.96,-155.92
39793,1076,,3.66,-4.83,-0.01,0.02,0.96,-0.04,0.62,-0.15,0.52,1.4,-77.98,-155.96
39,1069,3.95,-4.59,1.83,-0.05,0,0.99,-0.03,0.63,-0.15,3.12,0.19,-78.53,-157.06
39908,1146,3.02,-3.86,-0.88,-0.04,-0.01,0.96,-0.04,0.63,-0.15,2.29,-0.7,-77.97,-155.94
39964,1063,0.14,-1.63,-0.06,-0.01,-0.06,0.98,-0.04,0.63,-0.15,0.77,-3.38,-78.2,-156.4
40022,1130,-2.61,4.38,-1.22,-0.05,-0.03,0.98,-0.04,0.63,-0.15,2.96,-1.59,-77.96,-155.92
40079,1086,-2.01,3.6,-1.22,0,-0.05,0.94,-0.04,,-0.15,0.03,-2.95,-78.11,-156.22
40164,1046,-1.26,0.1,-2.72,0,-0.06,0.94, ,,-0.15,0.06,-3.72, ,#VALUE!
40295,1065,-3.67,-4.02,-11.58,0.04,-0.07,0.94,-0.03,0.62,-0.15,-2.36,-4.26,-78.77,-157.54
40393,1106,-2.78,-3.12,-1.5,-0.03,-0.05,0.97,-0.03,0.62,-0.15,1.84,-3.2,-78.37,-156.74
40451,1040,-3.05,0.86,-1.19,-0.04,-0.09,0.99,-0.03,0.62,-0.14,2.03,-5.48,-78.78,-157.56
40508,1064,0.68,2.39,-1.46,-0.07,0.01,1.02,-0.03,0.62,-0.15,3.67,0.49,-78.58,-157.16
40564,1049,0.39,1.25,-13.26,-0.04,-0.04,0.99,-0.03,0.62,-0.14,2.52,-2.5,-78.49,-156.98
40622,1086,2.82,-13.89,-14.53,-0.05,-0.01,0.95,-0.03,0.62,-0.14,2.74,-0.51,-78.33,-156.66
40679,1050,9.77,-12.17,-5.01,-0.09,0,0.96,-0.04,0.62,-0.13,5.36,-0.03,-77.62,-155.24
40736,1083,4.28,3.72,-4.22,-0.05,-0.02,0.99,-0.04,0.62,-0.14,3.01,-1.03,-77.98,-155.96
40794,1043,0.71,-1.5,-3.65,-0.08,-0.01,0.97,-0.04,0.62,-0.14,4.67,-0.56,-77.94,-155.88
40851,10,-4.09,-2.49,-11.68,-0.06,-0.04,0.95,-0.04,0.63,-0.13,3.34,-2.53,-77.64,-155.28
40907,1102,-2.56,-9.35,-9.81,-0.08,-0.02,0.95,-0.04,0.62,-0.13,4.53,-1.38,-77.57,-155.14
40965,1064,-1.87,2.64,-5.04,-0.08,0.02,0.95,-0.04,0.61,-0.13,4.81,0.97,-77.45,-154.9
41022,1086,-2.46,6.72,-6.58,-0.08,-0.01,0.97,-0.04,0.62,-0.13,4.52,-0.32,-78.07,-156.14
,1057,-2.39,-0.83,-8.23,-0.12,-0.01,0.97,0,0.62,-0.13,6.88,-0.57,-77.89,-155.78
41211,1061,-1.06,-5.05,-17.95,-0.09,-0.04,0.97, ,0.62,-0.13,5.51,-2.55, ,#VALUE!
41342,1046,-2.14,1.08,-13.3,-0.12,-0.05,0.97,-0.05,0.6,-0.13,7.09,-2.7,-77,-154
41399,1064,4,1.08,-13.3,-0.09,-0.03,0.95,-0.04,0.59,-0.13,5.6,-1.82,-77.29,-154.58
4,1098,4.42,1.47,-24.81,-0.1,-0.07,0.96,-0.04,0.59,-0.13,6.05,-4.03,-77.52,-155.04
41513,1104,3.86,1.16,-28.57,-0.06,-0.03,0.99,-0.04,0.58,-0.13,3.75,-1.87,-77.68,-155.36
41570,1047,-1.66,1.81,-31.47,-0.1,-0.04,0.98,-0.04,0.58,-0.14,5.93,-2.24,-77.64,-155.28
41627,1072,-4.11,-5.22,-37.89,-0.08,-0.05,0.94,-0.04,0.57,-0.13,4.55,-2.78,-77.52,-155.04
41684,1116,-5.84,-0.79,-35.87,-0.08,-0.02,1,-0.04,0.57,-0.12,4.52,-1.11,-77.87,-155.74
41743,10,0.91,-3.85,-35.3,-0.09,0.01,0.91,-0.03,0.56,-0.13,5.66,0.48,-77.96,-155.92
41799,1100,11.25,-1.3,-34.48,-0.13,-0.02,0.96,-0.03,0.55,-0.13,7.57,-1.18,-77.85,-155.7
41857,1094,10.32,6.33,-33.87,-0.08,-0.04,0.99,-0.03,0.54,-0.13,4.48,-2.41,-77.79,-155.58
41914,1082,2.26,10.87,-30.13,-0.06,-0.03,0.98,-0.03,0.55,-0.13,3.77,-1.57,-78.62,-157.24
41971,1124,-3.5,2.84,-32.9,-0.03,-0.04,0.96,-0.02,0.54,-0.14,1.81,-2.59,-78.81,-157.62
42028,1091,-7.76,6.1,-38.8,-0.03,-0.04,0.96,-0.01,0.52,-0.14,0.84,-3.56,-79.83,-159.66
42158,112,2,2.93,-22.95,-0.08,-0.06,0.99,-0.01,0.51,-0.14,4.58,-3.51,-80.7,-161.4
42288,1093,3.77,8.35,-31.58,-0.05,-0.02,0.99,0,0.51,-0.13,2.89,-1.19,-81.85,-163.7
42345,1091,-1.34,4.96,-26.56,-0.01,-0.07,0.97,0.01,0.5,-0.14,0.43,-4.19,-83.01,-166.02
42401,1105,-4.47,-2.03,-27.33,-0.09,-0.02,0.97,0.01,0.5,-0.14,5.07,-1.24,-82.47,-164.94
42459,1075,-3.83,-6.91,-25,-0.04,-0.05,0.96,0.02,0.49,-0.13,2.3,-3.04,-83.49,-166.98
42516,1065,-4.8,-1.1,-19.61,-0.09,-0.02,0.99,0.01,0.49,-0.13,4.98,-1.3,-83.09,-166.18
42573,,-2.44,3.55,-15.71,-0.05,-0.05,0.93,0.02,0.49,-0.13,3.37,-3.04,-83.58,-167.16
42630,1103,-3.84,10.32,-18.17,-0.06,-0.03,0.93,0.02,0.48,-0.14,3.79,-1.75,-83.57,-167.14
42687,,5.81,-3.33,-18.97,-0.08,0.03,0.94,0.02,0.48,-0.13,4.71,1.55,-83.91,-167.82
42744,1113,3.94,8.51,-23.15,-0.06,-0.02,0.98,0.02,0.48,-0.13,3.29,-1.21,-83.98,-167.96
42802,1137,3.32,-2.69,-16.99,-0.05,-0.03,0.97,0.03,0.48,-0.14,2.72,-1.62,-84.73,-169.46
42859,1158,-7.22,10.64,-20.77,-0.09,-0.03,1,0.02,0.48,-0.13,5.1,-1.52,-84.39,-168.78
42916,1088,-8.26,-0.52,-24.21,-0.06,-0.01,0.95,0.04,0.47,-0.14,3.4,-0.73,-86.61,-173.22
42973,1100,-5.8,1.19,-29.9,-0.06,-0.03,0.96,0.04,0.46,-0.13,3.48,-1.95,-86.66,-173.32
43030,1083,-6.62,-6.37,-24.37,-0.06,-0.04,0.98,0.04,0.46,-0.14,3.31,-2.21,-86.89,-173.78
43087,1105,-2.93,-1.1,-25.2,-0.05,-0.01,0.95,0.05,0.44,-0.13,3.21,-0.55,-88.04,-176.08
43219,1172,8.06,2.11,-26.5,-0.04,-0.03,0.97,0.06,0.44,-0.14,2.55,-1,-89.42,-178.84
43351,1129,5.76,9.3,-26.5,-0.1,0,1.01,0.07,0.44,-0.14,5.9,0.27,-89.91,-179.82
43481,1066,-4.34,2.27,-28.65,-0.05,-0.03,1.02,0.08,0,-0.14,2.86,-1.48,-91.3,-182.6
43595,1042,3.19,4.06,-35.78,-0.09,0,0.94,0.08,0.43,-0.14,5.55,-0.26,-92.43,-184.86
43653,1099,8.06,0.07,-36.57,-0.04,-0.04,0.94,0.09,0.43,-0.15,2.32,-2.22,-93.65,-187.3
43710,1092,4.22,1.98,-32.39,-0.06,-0.05,0.97,0.1,0.43,-0.15,3.58,-2.86,-94.35,-188.7
43766,1140,-2.58,3.45,-27.13,-0.06,-0.04,0.98,0.1,0.43,-0.15,3.27,-2.32,-94.28,-188.56
43824,1137,-2.83,3.32,-28.6,-0.06,-0.04,0.95,0.1,0.42,-0.15,3.69,-2.13,-95.31,-190.62
43881,1108,2.85,1,-27.54,-0.05,-0.04,0.97,0.11,0.42,-0.15,2.75,-2.49,-95.86,-191.72
43937,1131,2.85,1,-27.54,-0.06,-0.06,0.96,0.11,0.42,-0.15,3.72,-3.53,-96.74,-193.48
43937,1101,-0.71,-2.12,-20.59,-0.03,-0.07,0.96,0.12,0.42,-0.15,1.91,-3.94,-97.39,-194.78
44052,115,-2.03,-1.42,-15.18,-0.08,-0.08,0.98,0.12,0.42,-0.15,4.81,-4.5,-97.81,-195.62
44108,1126,-2.42,2.3,-13.85,-0.07,-0.09,0.96,0.12,0.42,-0.15,4.03,-5.34,,0
44299,1110,0.16,4.38,,-0.06,-0.07,0.92,0.14,0.41,-0.15,3.44, ,-99.93,-199.86
44424,1127,-0.63,6.55,-4.88,-0.06,-0.08,1,0.14,0.42,-0.16,3.37,-4.65,-99.52,-199.04
44481,1109,-7.18,-4.87,-4.21,-0.02,-0.1,0.96,0.14,0.42,-0.15,1.41,-5.7,-100.29,-200.58
44538,1104,-7.3,-4.66,-2.75,-0.08,-0.06,0.96,0.14,0.41,-0.15,4.62,-3.49,-100.53,-201.06
44595,1071,-2.63,3.08,-2,-0.04,-0.07,0.96,0.14,0.41,-0.15,2.31,-4.31,-100.13,-200.26
44652,1055,0.74,0.89,0.28,-0.05,-0.08,0.99,0.14,0.41,-0.14,2.97,-4.42,-100.93,-201.86
44709,1102,-1.33,2.39,3.92,0.01,-0.08,0.97,0.14,0.41,-0.15,-0.41,-4.59,-100.69,-201.38
44768, ,-3.39,-0.68,3.54,-0.06,-0.04,0.98,0.14,0.41,-0.15,3.46,-2.63,-99.67,-199.34
44824,1132,0.54,-0.65,-0.08,-0.03,-0.02,0.96,0.13,0.41,-0.15,1.53,-1.17,-99.34,-198.68
44881,1138,-1.15,0.32,1.91,-0.05,-0.03,1.01,0.14,0.41,-0.15,2.6,-1.57,-100.44,-200.88
44938,1098,-0.3,2.35,1.05,-0.07,0.02,0.95,0.14,0.41,-0.16,3.93,1.19,-100.01,-200.02
44995,1073,1.22,5.15,2.97,-0.05,-0.01,0.98,0.13,0.41,-0.16,2.99,-0.69,-99.46,-198.92
45052,1163,-3.12,-0.05,-0.65,-0.07,-0.02,0.97,0.14,,-0.16,4.36,-1.28,-99.96,-199.92
45184,1135,1.66,-5.75,5.01,-0.12,0.03,0.96, ,,-0.16,6.88,2, ,#VALUE!
45313,1070,1.58,0.83,4.16,-0.07,-0.01,0.98,0.14,0.41,-0.16,4.2,-0.86,-100.4,-200.8
45370,1176,-2.1,4.38,-1.01,-0.06,-0.01,0.97,0.14,0.42,-0.15,3.81,-0.5,-99.49,-198.98
45426,1103,-2.39,5.64,0.31,-0.05,-0.02,0.93,0.14,0.41,-0.16,2.78,-0.99,-100.47,-200.94
45484,11,-4.67,7.58,-5.64,-0.07,-0.03,0.96,0.14,0.42,-0.16,4.1,-1.6,-100.31,-200.62
45541,1140,-10.42,4.12,-3.41,-0.01,-0.03,0.92,0.15,0.41,-0.16,0.7,-1.61,-101.56,-203.12
45598,1119,-9,4.59,-2.13,-0.05,-0.01,0.95,0.15,0.4,-0.16,2.9,-0.47,-101.88,-203.76
45655,1119,-9.18,1.9,-1.92,-0.01,-0.03,0.98,0.15,0.4,-0.16,0.8,-1.5,-101.95,-203.9
45713,1119,-6.91,1.6,-1.81,-0.05,-0.03,0.95,0.15,0.4,-0.16,3.26,-1.58,-102.45,-204.9
45769,1105,-2.87,7.6,-6.67,-0.04,0,0.98,0.16,0.4,-0.16,2.49,-0.27,-102.63,-205.26
45827,111,5.39,-14.15,-9.95,-0.04,-0.01,0.99,0.16,0.4,-0.16,2.61,-0.5,-103.05,-206.1
45884,1132,5.84,-13.44,-10.78,-0.04,-0.01,0.99,0.16,0.4,-0.16,2.52,-0.46,-102.39,-204.78
45941,1067,-2.42,0.75,-1.18,-0.05,-0.01,1,0.15,0.4,-0.16,2.63,-0.73,-101.98,-203.96
45998,1062,-4.2,-5.64,4.63,-0.06,0.01,0.98,0.15,0.4,-0.16,3.78,0.32,-101.65,-203.3
,1181,-7.1,7.25,-4.68,-0.02,0.02,0.93,0.15,,-0.16,1.45,1.28,-102.85,-205.7
46186,1166,3.89,-3.89,0.21,-0.03,0.03,0.98,0.15,,-0.16,1.53,1.64,-101.79,-203.58
46316,1073,-0.46,6.23,7.12,-0.05,-0.03,0.99,0.14,0.4,-0.16,2.71,-1.48,-101.15,-202.3
46373,1113,-6.16,3.17,-0.59,-0.05,0,0.99,0.15,0.4,-0.15,2.72,-0.11,-101.92,-203.84
46431,1023,-6.09,3.35,-6.19,-0.01,-0.01,0.96,0.15,0.4,-0.16,0.68,-0.75,-102.36,-204.72
46487,1115,1.92,-1,-6.19,-0.03,-0.02,0.94,0.16,0.4,-0.15,1.78,-1.29,-102.95,-205.9
46487,1103,3.19,3.13,-2.91,-0.01,-0.04,0.94,0.16,0.4,-0.16,0.81,-2.25,-102.89,-205.78
46602,1110,3.4,2.72,-0.65,-0.02,-0.04,0.93,0.16,0.41,-0.15,1.38,-2.37,-102.59,-205.18
46659,1051,0.49,7,-0.65,-0.05,-0.05,0.97,0.16,0.41,-0.15,2.81,-2.77,-102.31,-204.62
46716,1114,-0.31,10.54,3.87,-0.02,-0.02,0.95,0.16,0.4,-0.15,1.33,-1.23,-103.32,-206.64
46774,1062,-1.19,6.63,8.83,-0.03,-0.03,1,0.17,0.4,-0.16,1.48,-1.64,-103.92,-207.84
46830,1140,0.24,-3.04,4.9,-0.03,0.01,0.96,0.17,0.4,-0.16,2.07,0.53,-103.85,-207.7
46887,1131,-1.87,-2.21,-2.58,-0.03,0,0.98,0.16,0.41,-0.15,1.89,0.19,-103.27,-206.54
46945,1072,-0.85,-3.42,5.78,-0.01,-0.01,0.93,0.16,0.4,-0.16,0.43,-0.46,-103.54,-207.08
47001,1094,-0.64,-5.13,7.36,-0.05,0.03,1.03,0.16,0.41,-0.15,2.97,1.43,-102.59,-205.18
47001,1122,2.12,7.29,6.05,-0.03,0.02,0.93,0.16,0.4,-0.16,1.72,1.3,-102.63,-205.26
47191,1097,2.68,-2.57,5.64,-0.03,0.02,0.93,0.15,0.41,-0.16,3.32,-0.16,-102.19,-204.38
47323,1112,-4.95,-0.12,1.93,-0.03,-0.04,0.95,0.16,0.41,-0.16,1.91,-2.41,-102.53,-205.06
47379,1106,-2.25,-1.05,0.9,-0.04,-0.03,0.96,0.16,0.4,-0.16,2.57,-1.95,-102.5,-205
47436,1099,3.55,0.98,-4.44,-0.06,-0.04,0.94,0.16,0.41,-0.16,3.49,-2.63,-102.86,-205.72
47494,1085,5.08,4.68,0.07,0.02,-0.07,0.96,0.16,0.41,-0.15,-0.99,-4.11,-102.87,-205.74
47551,1119,2.26,5.31,4.91,-0.06,-0.05,0.95,0.16,0.41,-0.16,3.54,-3.31,-102.93,-205.86
47607,1093,-1.46,7.96,-0.96,-0.03,-0.04,0.96,0.16,0.41,-0.15,2,-2.34,-102.79,-205.58
47665,1105,-1.46,-5.74,-6.36,-0.04,-0.05,0.95,0.17,0.41,-0.16,2.23,-3.03,-103.5,-207
47722,1092,-0.97,-6.86,-9.95,-0.04,-0.01,0.98,0.16,0.41,-0.16,2.36,-0.67,-103.32,-206.64
47778,1089,-4.3,-1.62,-5.13,-0.02,-0.02,0.99,0.16,0.41,-0.16,1.04,-1.14,-103.44,-206.88
47778,1094,0.52,5.67,-0.31,-0.08,0.05,0.98,0.16,0.41,-0.16,4.74,2.84,-103.22,-206.44
47894,1094,3.4,2.14,-3.22,-0.02,-0.05,0.95,0.17,0.41,-0.15,1.03,-2.71,-103.61,-207.22
47951,1112,-4.29,4.51,0.28,-0.02,-0.01,1,0.17,0.41,-0.15,1.18,-0.66,-103.58,-207.16
48009,1104,-9.52,-2.35,-0.25,-0.06,-0.03,0.96,0.17,0.4,-0.15,3.72,-2.02,-104.1,-208.2
48065,1074,-9.72,-1.45,-7.05,,-0.03,0.96,0.17,0.4,-0.14,0.5,0.17,-104.77,-209.54
48196,1,4.78,-6.15,-1.77,-0.02,-0.05,0,0.17,0.4,-0.15,1.11,-3.17,-103.81,-207.62
48457, ,2.61,5.56,-0.69,-0.02,-0.05,0.95,0.17,0.4,-0.14,1.45,-3.28,-104.63,-209.26
48541,1057,2.99,-1.98,-0.39,-0.05,-0.01,0.96,0.17,0.4,-0.15,2.89,-0.69,-104.72,-209.44
48599,1132,-4.8,17.97, ,-0.08,-0.04,1.04,0.17,0.4,-0.15,4.54,-2.23,-104.73,-209.46
48656,1125,-6.41,-2.16,3.13,0.04,-0.07,0.91,0.18,0.4,-0.15,-2.6,-4.29,-106.26,-212.52
48712,1098,-3.19,12.52,11.47,0,-0.05,0.96,0.18,0.39,-0.15,0.11,-2.98,-106.5,-213
48770,1,-0.13,1.47,11.36,-0.05,0.05,0.99,0.18,0.39,-0.14,2.6,2.76,-106.5,-213
48827,1115,2.42,2.16,-2.87,-0.01,-0.03,0.95,0.18,0.4,-0.15,0.35,-1.76,-106.14,-212.28
48884,1121,1.55,-18.16,8.89,0.02,-0.04,0.99,0.18,0.4,-0.15,-1.17,-2.49,-105.7,-211.4
48942,1130,-5.23,-2.12,9.75,-0.09,0.01,1,0.18,0.4,-0.15,4.89,0.3,-105.2,-210.4
48998,1130,-0.34,3.01,7.05,-0.02,0,0.89,0.17,0.39,-0.15,1.5,0.13,-104.85,-209.7
49055,1095,7.81,-2.98,4.75,-0.04,0,0.94,0.17,0.4,-0.14,2.45,0.14,-104.27,-208.54
49165,1122,-0.39,-1.75,-2.42, ,0,0.94,0.17,0.41,-0.15,5.78,-1.87,-103.94,-207.88
49297,,-4.58,0.38,5.92,-0.08,-0.02,0.96,0.17,0.4,-0.14,4.5,-1.44,-104.89,-209.78
49370,1056,1.29,-5.85,4.52,-0.06,-0.03,0.93,0.17,0.4,-0.14,3.83,-1.57,-104.59,-209.18
49427,1102,2.52,0.91,2.99,-0.07,-0.06,0.97,0.16,0.39,-0.15,3.89,-3.37,-104,-208
49484,1087,2.88,-0.43,1.11,-0.09,-0.06,0.96,0.16,0.4,-0.15,5.25,-3.34,-103.42,-206.84
49542,1099,-1.16,9.19,0.28,-0.05,-0.09,0.98,0.17,0.4,-0.15,2.94,-5.28,-103.85,-207.7
49598,1103,-0.57,5.43,-2.52,-0.07,-0.06,0.96,0.17,0.4,-0.15,4.02,-3.48,-104.49,-208.98
 ,1143,-1.57,16.94,-6.69,-0.02,-0.09,0.97,0.17,0.4,-0.14,0.91,-5.21,-104.64,-209.28
49713,1152,-1.57,16.94,-6.69,-0.02,-0.07,0.93,0.18,0.39,-0.15,1.12,-4.23,-105.7,-211.4
49770,1129,6.26,7.39,-0.88,0,-0.02,0.96,0.18,0.4,-0.15,0.18,-1.08,-105.3,-210.6
49827,1126,5.95,-1.46,-4.01,-0.02,-0.05,0.96,0.18,0.4,-0.14,1.28,-3.09,-105.81,-211.62
49884,1151,4.92,-6.76,-11.68,-0.05,-0.02,0.97,0.18,0.41,-0.15,2.92,-1.27,-105.19,-210.38
49941,1079,3.11,-4.7,-12.89,0.02,-0.04,0.96,0.19,0.41,-0.15,-0.97,-2.61,-106.17,-212.34
49998,1215,3.14,-0.95,-3.06,0,-0.03,0.94,0.19,0.41,-0.14,0.16,-1.95,-105.98,-211.96
50056,1114,3.14,-0.95,-3.06,0.04,-0.05,1,0.2,0.41,-0.15,0.16,-2.75,-107.39,-214.78
50187,1126,-0.3,-25.75,0.65,0.04,-0.05,1,0.19,0.4,-0.14,6.19,-8.28,-1,-2
50318,1147,0.81,1.01,-0.07,0.02,-0.03,0.99,0.2,0.41,-0.14,-1.07,-1.6,-107.38,-214.76
50375,110,8.38,-6.55,5.78,0.01,-0.04,0.91,0.19,0.4,-0.14,-0.38,-2.42,-107.22,-214.44
50433,1104,10.16,2.99,6.57,-0.05,-0.01,0.92,0.19,0.4,-0.15,2.99,-0.79,-106.33,-212.66
50489,1059,2.48,4.08,4.96,-0.03,-0.09,0.93,0.19,0.41,-0.14,1.96,-5.4,-106.36,-212.72
50546,1102,-4.67,0.84,4.12,0.01,-0.06,0.89,0.19,0.41,-0.15,-0.92,-3.63,-105.88,-211.76
50604,10,-8.83,4.23,8.35,-0.02,-0.05,0.88,0.19,0.41,-0.15,1.41,-3.5,-105.87,-211.74
50661,1084,-4.9,1.3,10.2,0.01,0.01,0.95,0.19,0.4,-0.15,-0.56,0.55,-106.15,-212.3
50718,1089,-4.38,3.58,4.76,-0.06,-0.02,0.95,0.19,0.4,-0.15,3.62,-1.18,-106.35,-212.7
50776,1110,1.71,-6.19,7.72,0.01,-0.06,0.92,0.19,0.4,-0.15,-0.4,-3.48,-106.31,-212.62
50832,1122,-3.79,2.64,12.36,-0.02,-0.04,0.97,0.18,0.4,-0.15,1.44,-2.55,-105.68,-211.36
50889,1092,-3.12,6.03,5.93,0,-0.03,0.94,0.18,0.4,-0.14,-0.04,-1.56,-105.59,-211.18
50947,1034,2.35,-2.89,5.66,-0.04,-0.04,0.96,0.18,0.4,-0.14,2.15,-2.27,-105.47,-210.94
51003,1,3.72,-6.55,-2.04,-0.03,-0.08,0.99,0.18,0.41,-0.14,1.94,-4.5,-105.61,-211.22
51060,103,1.17,-7.76,0.64,-0.04,-0.08,1.02,0.18,0.41,-0.14,2.24,-4.53, ,#VALUE!
51193,991,-9.2,4.21,0,-0.05,-0.07,0.93,0.17,0.4,-0.14,3.02,-4.38,-104.62,-209.24
51322,1023,-3.15,7.39,-0.11,-0.03,-0.01,0.94,0.17,0.4,-0.14,1.59,-0.7,-104.27,-208.54
51380,969,2,0.01,4.26,-0.05,-0.04,0.99,0.17,0.4,-0.14,2.9,-2.34,-104.7,-209.4
51436,970,-3.87,-5.49,-0.04,-0.03,-0.08,0.98,0.17,0.4,-0.14,1.98,-4.4,-104.37,-208.74
51493,970,,-5.49,-0.04,-0.05,-0.06,0.95,0.17,0.4,-0.14,2.99,-3.84,-104.12,-208.24
51550,975,-7.28,3.13,0.23,-0.06,-0.1,0.88,0.16,0.4,-0.14,4.14,-6.59,-103.62,-207.24
51607,937,-3,7,-1.52,-0.04,-0.03,0.89,0.17,0.39,-0.14,2.4,-1.82,-104.58,-209.16
51665,947,3.82,9.28,0.15,0.01,0,0.94,0.17,0.39,-0.14,-0.34,-0.12,-105.03,-210.06
51722,933,2.7,-7.5,-6.7,-0.04,-0.05,0.99,0.17,0.39,-0.13,2.13,-3.16,-104.74,-209.48
51779,887,-7.32,-6.15,-7.4,-0.04,-0.06,1.07,0.17,0.4,-0.13,2.39,-3.08,-104.73,-209.46
51836,909,-14.6,-7.52,-5.12,-0.03,-0.03,0.98,0.17,0.39,-0.13,1.51,-1.56,-104.43,-208.86
51893,854,-14.32,2.8,-2.59,-0.04,-0.06,0.98,0.17,0.39,-0.13,2.43,-3.73,-104.96,-209.92
51950,870,-7.53,7.55,-0.63,-0.04,0.03,0.94,0.17,0.38,-0.12,2.44,1.55,-105.2,-210.4
52007,840,1.09,3.87,-3.36,0,0,0.95,0.17,0.38,-0.13,-0.28,0.07,-105.26,-210.52
,842,4.1,-1.96,5.62,-0.05,-0.04,0.92,0.17, ,-0.13,3.04,-2.35,-105.24,-210.48
52195,829,-1.18,-6.23,1.55,-0.07,0.02,0.92,, ,-0.13,4.2,1.45,-1,-2
52327,799,-5.27,-5.33,-0.74,-0.08,0.01,0.94,0.17,0.38,-0.12,4.83,0.67,-104.88,-209.76
52384,795,-7.53,13.13,-7.1,-0.02,-0.02,0.97,0.16,0.38,-0.12,1.31,-1.11,-103.9,-207.8
52441,731,-0.43,-0.7,-11.14,-0.06,0.02,1.03,0.16,0.38,-0.12,3.3,1.11,-104.54,-209.08
52498,754,0.23,2.95,-11.94,0,-0.01,0.97,0.17,0.38,-0.13,0.23,-0.79,-105.29,-210.58
52555,745,-3.91,1.86,-5.43,-0.02,-0.03,1,0.17,0.39,-0.13,1.33,-1.64,-105.03,-210.06
52613,719,-7.22,-0.6,-4.11,-0.03,0,0.94,0.18,0.38,-0.12,2.07,0.2,-105.9,-211.8
52669,702,-5.55,5.44,0.49,-0.04,-0.01,0.95,0.17,0.38,-0.13,2.5,-0.63,-105.82,-211.64
52726,694,-4.27,3.93,-0.36,-0.04,0.01,0.94,0.18,0.38,-0.12,2.15,0.88,-106.12,-212.24
52784,650,3.39,4.81,1.8,-0.03,0.02,0.93,0.18,0.38,-0.13,1.99,1.19,-106.21,-212.42
52841,668,4.75,12.17,4.63,0,0.02,0.94,0.18,0.38,-0.13,-0.22,1.05,-107.13,-214.26
52898,627,1.92,1.77,5.89,-0.01,0,0.97,0.18,0.38,-0.13,0.75,-0.1,-106.46,-212.92
52955,662,0.04,8,5.89,-0.01,0.04,0.96,0.18,0.39,-0.12,0.36,2.13,-106.69,-213.38
52955,620,-5.32,-1.42,6.69,-0.02,0,1.01,0.18,,-0.12,1.18,0.19,-106.78,-213.56
53125,598,-11.23,-3.57,2.02,-0.04,0.03,0.95,0,,-0.12,2.5,1.57,-106.08,-212.16
53256,566,0.95,-2.65,0.81,0,0.01,0.96,0,,-0.12,-0.04,0.7,-106.67,-213.34
53385,535,-5.41,-4.85,-0.1,-0.03,0.01,0.95,,,-0.12,1.69,0.9,-106.1,-212.2
53514,493,-5.12,3.93,-1.74,-0.01,0.03,0.97,0.17,0.37,-0.12,0.34,1.56,-106.23,-212.46
53571,457,-1.78,2.69,2.52,-0.05,0.05,0.99,0.17,0.37,-0.12,2.62,2.98,-106.28,-212.56
53627,447,-1.19,0.43,1,-0.01,0.03,0.98,0.17,0.37,-0.12,0.41,1.51,-106.39,-212.78
53685,410,0.11,1.62,2.96,-0.03,0.05,0.96,0.17,0.37,-0.12,1.63,2.89,-105.98,-211.96
53742,405,1.21,3.8,0.74,0,0,0.96,0.17,0.37,-0.12,0.12,3.96,-106.35,-212.7
53799,390,5.23,-3.97,-0.87,-0.04,0.03,0.93,0.17,0.37,-0.12,2.51,1.93,-106.2,-212.4
53856,362,4.66,-3.69,0.28,0.01,0.05,0.92,0.17,0.38,-0.13,-0.48,3.21,-105.59,-211.18
53913,352,1.32,-4.24,-0.1,-0.04,0.02,0.99,0.17,0.38,-0.12,2.34,1.24,-105.4,-210.8
53969,342,1.82,3.38,2.61,-0.02,0.05,1,0.16,0.38,-0.13,1.31,2.6,-104.66,-209.32
54028,315,1.96,0.54,-0.09,-0.04,0.02,1.01,0.17, ,-0.13,2.47,1.27,-104.9,-209.8
54158,289,-8.39,-1.15,-4.52,-0.07,0.01,1,0.17,0.38,-0.12,4.18,0.85,-105,-210
54288,259,-9.51,7.8,-3.45,0.01,0.06,0.98,0.18,0.38,-0.12,-0.76,3.44,-106.59,-213.18
54344,2,-10.36,-7.83,-0.12,-0.02,-0.03,0.89,0.18,0.37,-0.12,1.17,-1.62,-106.7,-213.4
54402,210,-2.3,-1.29,8.12,-0.02,0.05,0.96,0.17,0.37,-0.13,1.24,2.87,-106.39,-212.78
54459,194,-4.49,12.42,9.5,0.02,0.05,1.03,0.18,0.38,-0.12,-0.84,2.65,-106.48,-212.96
54515,179,-1.37,4.39,6.09,-0.02,0.09,1,0.18,0.37,-0.12,1.18,5.28,-106.53,-213.06
54573,166,9.26,9,2.25,-0.02,0.07,0.95,0.18,0.38,-0.12,1.45,4.12,-106.78,-213.56
54630,154,15.54,7.81,-3.74,-0.01,0.09,0.98,0.18,0.38,-0.13,0.29,5.34,-106.71,-213.42
54687,148,10.27,3.66,-2.74,0.06,0.05,0.97,0.18,0.38,-0.13,-3.28,3.07,-106.6,-213.2
54745,128,-3.72,-3.06,1.58,0.09,0.01,1.1,0.18,0.39,-0.13,-4.68,0.39,-105.89,-211.78
54801,1,-29.05,-5.42,5.69,0.03,0.05,0.91,0.18,0.38,-0.13,-1.75,2.96,-106.5,-213
54858,115,-6,0.1,7.25,-0.04,0.08,0.96,0.17,0.37,-0.13,2.28,4.93,-106.3,-212.6
54915,102,-2.34,5.11,1.06,0.04,0.06,0.91,0.18,0.37,-0.13,-2.44,3.7,-106.96,-213.92
54972,91,17.43,-2.9,-4.46,0.03,0.03,1,0.18,0.37,-0.13,-2.01,1.88,-107.05,-214.1
55029,82,17.43,-2.9,-4.46,0.01,0.02,0.99,0.18,0.38,-0.13,-0.61,0.94,-106.48,-212.96
55087,81,5.32,0.14,-2.91,0,0.02,0.99,0.18,0.38,-0.14, ,3.23,-105.98,-211.96
55215,68,12.78,-6.31,-2.4,0,0.02,0.99,0.17,0.39,-0.14,1.99,0.71,-105.14,-210.28
55346,39,12.43,1.82,-8.29,-0.02,0.02,0.96,0.17,0.39,-0.14,1.05,1.39,-104.93,-209.86
55402,39,17.67,-6.24,-1.59,0.01,-0.04,0.99,0.17,0.39,-0.15,-0.36,-2.04,-104.91,-209.82
55459,28,18.37,2.56,-2.22,-0.02,-0.07,1.02,0.17,0.39,-0.17,1.3,-4.13,-105.26,-210.52
55517,27,4.32,-4.37,-0.38,-0.06,-0.1,1.04,0.17,0.4,-0.18,3.08,-5.6,-104.51,-209.02
 ,27,-17.49,-3.62,-4.22,-0.05,-0.08,0.91,0.17,0.39,-0.18,2.86,-5.28,-104.53,-209.06
55630,29,-14.03,1.59,0.17,-0.02,-0.08,0.96,0.17,0.39,-0.18,1.16,-4.73,-105.11,-210.22
55688,20,4.45,2.99,0.71,-0.02,0,0.87,0.17,0.39,-0.18,1.11,-0.3,-105.62,-211.24
55745,22,18.86,16,6.47,-0.02,-0.04,1.02,0.18,0.39,-0.18,1.11,-2.41,-106.34,-212.68
55801,27,3.14,10.31,4.64,-0.03,-0.05,0.98,0.18,0.39,-0.2,1.85,-2.71,-106.13,-212.26
55859,21,0.43,5.73,5.66,0.04,-0.16,0.95,0.19,0.36,-0.23,-2.57,-9.35,-109.55,-219.1
55916,20,2.54,7.25,-0.28,0.03,-0.06,1,0.19,0.35,-0.23,-1.56,-3.36,-110.02,-220.04
55972,22,-16.09,1.38,1.38,0.09,-0.11,1.04,0.2,0.34,-0.24,-5.12,-6.17,-111.3,-222.6
56030,27,-16.09,1.38,1.38,-0.06,-0.08,0.85,0.2,0.31,-0.23,3.97,-5.41,-114,-228
56161,34,7.5,-6.51,3.82,-0.04,0.03,0.94,0.2,0.3,-0.23,2.55,1.85,-114.94,-229.88
56290,35,-28.93,7.73,-3.8,-0.02,0.08,1.02,0.2,0.34,-0.18,1.15,4.6,-112.03,-224.06
56347,35,-6.58,-4.89,3.18,0.07,0.1,0.86,0.19,0.36,-0.15,-4.37,6.8,-109.77,-219.54
56403,36,2.25,-12.64,6.73,0.02,0.08,0.93,0.18,0.39,-0.11,-1.31,5.15,-106.66,-213.32
