T,D,L,Ly,G,Gy,Gz,A,Ay,Az,M,My,Mz,P,R,H,
75360,793,,,-0.45,1.59,0.42,0,0.1,0.9,0.19,0.05,-0.61,6.13,-0.13,-315.85,
75416,793,,,-1.86,1.61,0.12,-0.09,0.07,0.99,0.2,0.04,-0.61,4.12,5.21,-319.72,
75547,793,,,-3.3,-4.17,0.88,-0.1,0.08,0.94,0.2,0.04,-0.61,4.82,5.9,-319.61,
75604,793,,,-4.09,-3.72,0.81,-0.08,0.08,0.87,0.19,0.03,-0.61,5.43,5.04,-323.82,
75661,793,,,-1.28,1.7,0.03,-0.08,0.06,0.98,0.19,0.03,-0.61,3.36,4.78,-322.8,
75718,793,,,-1.16,0.15,0.33,-0.09,0.07,0.96,0.19,0.03,-0.61,4.04,5.39,-323.98,
75776,793,,,-1.41,-0.45,0.42,-0.1,0.07,0.96,0.19,0.04,-0.61,4.26,5.78,-321.93,
75832,793,,,-1.18,0.24,0.19,-0.09,0.07,0.97,0.19,0.04,-0.61,4.07,5.27,-321.38,
75889,793,,,-1.22,0.55,0.19,-0.09,0.07,0.96,0.19,0.04,-0.61,4.06,5.33,-321.59,
75945,793,,,-1.05,0.19,0.34,-0.09,0.07,0.97,0.19,0.03,-0.61,4.12,5.31,-323.68,
76003,793,,,-1.08,0.45,0.27,-0.09,0.07,0.96,0.2,0.03,-0.61,4.25,5.22,-323.81,
76060,793,,,-1.08,0.45,0.27,-0.09,0.07,0.96,0.19,0.03,-0.61,4.31,5.38,-322.59,
76116,793,,,-1.39,0.73,0.09,-0.09,0.07,0.96,0.19,0.03,-0.61,4.29,5.37,-323.18,
76174,793,,,-1.43,0.35,0.17,-0.09,0.08,0.95,0.19,0.03,-0.61,4.73,5.57,-323.05,
76230,793,,,-1.17,0.71,0.26,-0.09,0.07,0.96,0.2,0.03,-0.61,4.13,5.3,-325.67,
76288,793,,,-1.35,0.66,0.31,-0.09,0.07,0.96,0.19,0.03,-0.61,4.24,5.31,-322.8,
76344,793,,,-1.11,0.67,0.29,-0.09,0.07,0.97,0.19,0.03,-0.61,4.13,5.2,-322.69,
76401,793,,,,0.67,0.29,-0.09,0.07,0.96,0.2,0.04,-0.61,4,5.29,-321.69,
76531,793,,,-1.15,0.7,0.18,-0.09,0.07,0.96,0.19,0.04,-0.6,4.14,5.33,-321.3,
76614,793,,,-1.29,0.41,0.32,-0.09,0.07,0.96,0.19,0.04,-0.61,4.22,5.44,-322.02,
76670,793,,,-1.33,0.63,0.31,-0.09,0.07,0.96,0.19,0.03,-0.61,4.16,5.36,-322.64,
76728,793,,,-1.07,0.6,0.32,-0.09,0.07,0.96,0.19,0.03,-0.61,4.17,5.44,-323.82,
76784,793,,,-1.24,0.59,0.25,-0.09,0.07,0.96,0.19,0.03,-0.61,4.18,5.35,-322.29,
76841,793,,,-1.09,0.51,0.31,-0.09,0.07,0.96,0.19,0.03,-0.61,4.17,5.37,-323.57,
76899,793,,,-1.15,0.7,0.27,-0.09,0.07,0.96,0.19,0.04,-0.6,4.19,5.31,-321.62,
76955,793,,,-1.09,0.55,0.24,-0.09,0.07,0.96,0.19,0.03,-0.61,4.19,5.33,-325.33,
77012,793,,,-1.27,0.6,0.39,-0.09,0.07,0.96,0.19,0.03,-0.61,4.07,5.41,-324.53,
77069,793,,,-1.23,0.63,0.17,-0.09,0.07,0.96,0.19,0.04,-0.61,4.18,5.54,-321.57,
77126,793,,,-1.17,0.47,0.31,-0.09,0.07,0.96,0.19,0.04,-0.6,4.19,5.23,-322.32,
77184,793,,,-1.01,0.66,0.43,-0.09,0.07,0.96,0.19,0.03,-0.6,4.2,5.36,-324.54,
77240,793,,,-1.27,0.69,0.3,-0.09,0.07,0.96,0.2,0.03,-0.6,4.32,5.35,-323.65,
77297,793,,,-1.29,0.66,0.28,-0.09,0.07,0.96,0.19,0.03,-0.61,4.22,5.45,-322.71,
77353,793,,,-1.29,0.69,0.37,-0.09,0.07,0.96,0.19,0.04,-0.6,4.14,5.35,-320.98,
77411,793,,,-1.21,0.5,0.36,-0.09,0.07,0.96,0,0.04,-0.6,4.12,5.32,-322.62,
77541,793,,,-1.18,0.57,0.34,-0.09,0.07,0.96,0.19,0.04,-0.61,4.11,5.33,-318.64,
77658,793,,,-1.19,0.63,0.27,-0.09,0.07,0.96,0.19,0.04,-0.6,4.3,5.44,-322.08,
77715,793,,,-1.14,0.71,0.36,-0.09,0.07,0.96,0.19,0.03,-0.61,4.2,5.32,-324.14,
77771,793,,,-1.15,0.45,0.32,-0.09,0.07,0.96,0.2,0.03,-0.61,4.22,5.52,-323.13,
77829,793,,,-1.31,0.74,0.13,-0.09,0.07,0.96,0.19,0.03,-0.6,4.28,5.32,-324.82,
77885,793,,,-0.95,0.52,0.16,-0.09,0.07,0.96,0.2,0.03,-0.6,4.11,5.6,-325.55,
77942,793,GPGGA,1040.799,-1.35,0.51,0.26,-0.09,0.07,0.97,0.19,0.03,-0.6,4.1,5.21,-324.19,*7A
78004,793,,,-1.08,0.57,0,-0.09,0.07,0.96,0.19,0.03,-0.6,4.21,5.34,-323.19,*7A
78061,793,,,-1.09,0.42,0.31,-0.09,0.07,0.96,0.19,0.04,-0.6,4.2,5.29,-320.99,*7A
78117,793,,,-1.14,0.51,0.18,-0.09,0.07,0.96,0.19,0.03,-0.61,4.22,5.42,-323.14,*7A
78175,793,,,-0.92,0.6,0.23,-0.09,0.07,0.96,0.19,0.03,-0.61,4.11,5.22,-323.69,*7A
78231,793,,,-1.08,0.6,0.25,-0.09,0.07,0.96,0.19,0.04,-0.61,4.22,5.54,-321.76,*7A
78288,793,,,-1.09,0.55,0.17,-0.09,0.07,0.96,0.2,0.04,-0.61,4.1,5.46,-322.45,*7A
78346,793,,,-1.07,0.59,0.35,-0.09,0.07,0.96,0.19,0.04,-0.61,4.03,5.41,-320.32,*7A
78403,793,,,-1.07,0.59,0.35,-0.09,0.07,0.96,0.19,0.03,-0.61,,5.3,-322.14,*7A
78532,793,,,-1.05,0.5,0.31,-0.09,0.07,0.96,0.19,0.03,-0.61,4.17,5.43,-323.1,*7A
78532,793,,,-1.05,0.69,0.33,-0.09,0.07,0.96,0.19,0.03,-0.61,4.24,5.31,-321.97,*7A
78657,793,,,-1,0.69,0.33,-0.09,0.07,0.96,0.19,0.04,-0.6,4.21,5.39,-321.04,*7A
78714,793,,,-1.27,0.54,0.36,-0.09,0.07,0.96,0.19,0.03,-0.61,4.13,5.24,-322.89,*7A
78771,793,,,-1.23,0.5,0.24,-0.09,0.07,0.96,0.19,0.03,-0.61,4.2,5.4,-322.04,*7A
78828,793,,,-1.18,0.6,0.22,-0.09,0.07,0.96,0.19,0.03,-0.61,4.15,5.4,-322.4,*7A
78885,793,,,-1.13,0.43,0.14,-0.09,0.07,0.96,0.19,0.04,-0.61,4.26,5.41,-321.63,*7A
,793,,,-1.31,0.46,0.24,-0.09,0.07,0.96,0.19,0.04,-0.61,4.26,5.54,-321.51,*7A
78999,793,,,-1.21,0.52,0.23,-0.09,0.07,0.96,0.19,0.03,-0.61,4.28,5.36,-323.71,*7A
79055,793,,,-1.43,0.63,0.19,-0.09,0.07,0.96,0.19,0.04,-0.61,4.13,5.42,-320.57,*7A
79113,793,,,-1.28,0.7,0.17,-0.09,0.07,0.96,0.19,0.04,-0.61,4.45,5.29,-320.9,*7A
79169,793,,,-1.3,0.6,0.25,-0.09,0.07,0.96,0.19,0.04,-0.61,4.1,5.46,-321.39,*7A
79226,793,,,-1.08,0.73,0.42,-0.09,0.07,0.96,0.19,0.03,-0.61,4.2,5.21,-323.75,*7A
79284,793,,,-1.18,0.65,0.2,-0.09,0.07,0.96,0.19,0.03,-0.62,4.28,5.59,-325.49,*7A
79340,793,,,-1.18,0.52,0.21,-0.09,0.07,0.96,0.19,0.04,-0.61,4.18,5.29,-321.32,*7A
79,793,,,-1.15,0.55,0.37,-0.09,0.07,0.96,0.19,0.04,-0.61,,5.44,-321.05,*7A
79526,793,,,-0.93,0.51,0.2,-0.09,0.07,0.97,0.19,0.04,-0.61,4.22,5.24,-321.47,*7A
79600,793,,,-1.25,0.46,0.28,-0.09,0.07,0.96,0.19,0.04,-0.61,4.29,5.35,-321.22,*7A
79657,793,,,-1.17,0.53,0.16,-0.09,0.07,0.96,0.2,0.04,-0.61,4.23,5.45,-321.99,*7A
79715,793,,,-1.07,0.71,0.3,-0.09,0.07,0.96,0.19,0.03,-0.61,4.3,5.39,-323.54,*7A
79771,793,,,-1.19,0.66,0.28,-0.09,0.07,0.96,0.19,0.04,-0.61,4.18,5.31,-321.55,*7A
79828,793,,,-1.01,0.65,0.25,-0.09,0.07,0.96,0.19,0.04,-0.61,4.27,5.41,-320.53,*7A
79885,793,,,-1.13,0.65,0.12,-0.09,0.07,0.96,0.19,0.04,-0.61,4.2,5.27,-321.3,*7A
79942,793,,,-1.09,0.71,0.28,-0.09,0.07,0.96,0.19,0.04,-0.6,4.15,5.4,-319.58,*7A
80000,793,,,-1.27,0.52,0.19,-0.09,0.07,0.96,0.19,0.04,-0.61,4.2,5.38,-319.47,*7A
80056,793,,,-1.15,0.67,0.3,-0.09,0.07,0.96,0.19,0.03,-0.61,4.2,5.41,-324.44,*7A
80113,793,,,,0.67,0.3,-0.09,0.07,0.96,0.19,0.04,-0.61,4.4,5.27,-320.57,*7A
80169,793,,,-1.01,0.67,0.35,-0.09,0.07,0.96,0.19,0.04,-0.61,4.11,5.24,-321.29,*7A
80227,793,,,-1.01,0.49,0.38,-0.09,0.07,0.96,0.19,0.04,-0.61,4.2,5.3,-320.59,*7A
80283,793,,,-0.98,0.59,0.36,-0.09,0.07,0.96,0.19,0.04,-0.61,4.26,5.27,-321.38,*7A
80340,793,,,-0.94,0.83,0.33,-0.09,0.07,0.96,0.19,0.03,-0.61,4.23,5.47,-322.86,*7A
80398,793,,,-0.74,0.59,0.38,-0.09,0.07,0.9,0.19,0.04,-0.61,4.31,5.43,-317.84,*7A
80517,793,,,-0.88,0.66,0.37,-0.09,0.07,0.96,0.19,0.04,-0.6,4.15,5.43,-317.6,*7A
80616,793,GPGGA,190656.13,-1.05,0.52,0.23,-0.09,0.07,0.96,0.19,0.03,-0.6,4.08,5.29,-322.16,*7A
80673,793,,,-1.23,0.6,0.25,-0.09,0.07,0.96,0.19,0.04,-0.61,4.36,5.28,-321.98,*7A
80731,793,,,-1.51,0.45,0.31,-0.09,0.07,0.96,0.19,0.04,-0.61,4.24,5.41,-321.05,*7A
80787,793,,,-1.23,0.59,0.28,-0.09,0.07,0.96,0.19,0.04,-0.61,4.25,5.38,-319.82,*7A
80844,793,,,-1.18,0.5,0.32,-0.09,0.07,0.96,0.19,0.03,-0.61,4.09,5.38,-322.54,*7A
80901,793,,,-1.08,0.68,0.29,-0.09,0.07,0.96,0.19,0.04,-0.61,4.22,5.41,-320.44,*7A
80958,793,,,-1.18,0.51,0.26,-0.09,0.07,0.96,0.19,0.04,-0.61,4.3,5.43,-320.83,*7A
81015,793,,,-1.18,0.51,0.26,-0.09,0.07,0.96,0.19,0.04,-0.61,4.27,5.3,-320.41,*7A
81015,793,,,-1.15,0.65,0.26,-0.09,0.07,0.96,0.19,0.04,-0.6,4.15,5.34,-320.73,*7A
81129,793,,,-1.16,0.79,0.27,-0.09,0.07,0.96,0.19,0.04,-0.6,4.21,5.32,-321.64,*7A
81185,793,,,-1.25,0.44,0.18,-0.09,0.07,0.96,0.19,0.03,-0.6,4.2,5.38,-323.21,*7A
81243,793,,,-1.23,0.64,0.17,-0.09,0.07,0.96,0.19,0.03,-0.6,4.08,5.24,-322.46,*7A
81300,793,,,-1.14,0.49,0.39,-0.09,0.07,0.96,0.19,0.03,-0.61,4.16,5.26,-323.94,*7A
81356,793,,,-1.22,0.56,0.22,-0.09,0.07,0.96,0.19,0.04,-0.6,4.25,5.29,-320.76,*7A
81415,793,,,,0.56,0.22,-0.09,0.07,0.96,0.19,0.04,-0.6,4,5.24,-319.11,*7A
81543,793,,,-1.07,0.4,0.42,-0.09,0.07,0.96,0.19,0.04,-0.61,4.29,5.34,-321.31,*7A
81603,793,GPGGA,190657,-1.27,0.7,0.32,-0.09,0.07,0.96,0.19,0.04,-0.6,4.23,5.4,-319.58,*7A
81661,793,,,-1.32,0.59,-0.01,-0.09,0.07,0.96,0.19,0.04,-0.6,4.29,5.4,-319.31,*7A
81718,793,,,-1.32,0.54,0.32,-0.09,0.07,0.96,0.19,0.04,-0.6,4.28,5.32,-320.74,*7A
81775,793,,,-1.07,0.5,0.12,-0.09,0.07,0.96,0.19,0.04,-0.6,4.2,5.33,-320.9,*7A
81831,793,,,-1.12,0.44,0.24,-0.09,0.07,0.96,0.2,0.04,-0.61,4.22,5.38,-321.46,*7A
81889,793,,,-1.17,0.73,0.39,-0.09,0.07,0.96,0.19,0.04,-0.61,4.21,5.4,-319.93,*7A
81946,793,,,-1.17,0.73,0.39,-0.09,0.07,0.96,0.19,0.04,-0.6,4.2,5.35,-320.9,*7A
82002,793,,,-1.07,0.68,0.32,-0.09,0.07,0.96,0.19,0.04,-0.61,4.18,5.53,-321.32,*7A
82060,793,,,-1.32,0.57,0.17,-0.09,0.07,0.96,0.19,0.04,-0.61,4.13,5.35,-322.06,*7A
82116,793,,,-1.1,0.58,0.36,-0.09,0.07,0.96,0.19,0.04,-0.61,4.17,5.4,-320.65,*7A
82173,793,,,-1.24,0.6,0.37,-0.09,0.07,0.96,0.2,0.04,-0.61,4.19,5.27,-322.27,*7A
82230,793,,,-1.35,0.67,0.2,-0.09,0.07,0.96,0.19,0.04,-0.61,4.29,5.29,-321.4,*7A
82287,793,,,-0.97,0.47,0.17,-0.09,0.07,0.96,0.19,0.04,-0.61,4.2,5.39,-318.08,*7A
82344,793,,,-1.27,0.64,0.07,-0.09,0.07,0.96,0.19,0.04,-0.61,4.26,5.46,-318.8,*7A
82402,793,,,-1.31,0.64,0.17,-0.09,0.07,0.96,0.19,0.04,-0.61,4.16,5.43,-320.24,*7A
82533,793,GPGGA,1906,-0.96,0.6,0.37,-0.09,0.07,0.96,0.19,0.04,-0.6,4.1,5.3,-320.64,*7A
82660,793,,,-1.27,0.42,0.2,-0.09,0.07,0.96,0.19,0.04,-0.61,4.22,5.23,-319.37,*7A
82717,793,,,-1.17,0.54,0.38,-0.09,0.07,0.96,0.2,0.04,-0.61,4.25,5.44,-319.81,*7A
82774,793,,,-1.06,0.45,0.33,-0.09,0.07,0.96,0.19,0.04,-0.61,4.34,5.46,-320.14,*7A
82831,793,,,-1.26,0.5,0.24,-0.09,0.07,0.96,0.19,0.04,-0.61,4.25,5.35,-322.03,*7A
82887,793,,,-1.13,0.63,0.25,-0.09,0.07,0.96,0.19,0.04,-0.61,4.07,5.35,-321.51,*7A
82945,793,,,-1.16,0.57,0.25,-0.09,0.07,0.96,0.2,0.04,-0.61,4.19,5.45,-322.44,*7A
83001,793,,,-1.16,0.57,0.35,-0.09,0.07,0.96,0.2,0.04,-0.62,4.29,5.39,-321.49,*7A
83058,793,,,-1.11,0.73,0.35,-0.09,0.07,0.96,0.2,0.04,-0.61,4.21,5.44,-319.69,*7A
83058,793,,,-1.36,0.53,0.17,-0.09,0.07,0.96,0.19,0.04,-0.61,4.23,5.27,-319.81,*7A
83172,793,,,-1.05,0.45,0.31,-0.09,0.07,0.96,0.19,0.04,-0.61,4.2,5.42,-321.11,*7A
83229,793,,,-1.18,0.72,0.16,-0.09,0.07,0.96,0.19,0.04,-0.61,4.12,5.44,-320.57,*7A
83286,793,,,-0.97,0.54,0.21,-0.09,0.07,0.96,0.19,0.04,-0.61,4.15,5.37,-321.02,*7A
83343,793,,,-1.2,0.43,0.19,-0.09,0.07,0.96,0.19,0.04,-0.61,4.11,5.4,-318.51,*7A
83400,793,,,,0.43,0.19,-0.09,0.07,0.96,0.19,0.04,-0.61,,5.46,-320.01,*7A
83531,793,,,-1.29,0.54,0.14,,0.07,0.96,0.19,0.04,-0.6,4.17,5.35,-320.86,*7A
83618,793,GPGGA,190659,-1.09,0.73,0.25,-0.09,0.07,0.96,0.19,0.04,-0.61,4.18,5.36,-320.7,*7A
83676,793,GPGGA,190659,-1.09,0.69,0.24,-0.09,0.07,0.96,0.19,0.03,-0.6,4.16,5.27,-324.99,*7A
83733,793,,,-0.9,0.51,0.25,-0.09,0.07,0.96,0.19,0.03,-0.61,4.08,5.28,-323.74,*7A
83789,793,,,-1.02,0.32,0.25,-0.09,0.07,0.96,0.2,0.04,-0.61,4.3,5.36,-322.19,*7A
83847,793,,,-1,0.5,0.36,-0.09,0.07,0.96,0.19,0.04,-0.61,4.12,5.37,-320.59,*7A
83903,793,,,-1.02,0.62,0.2,-0.09,0.07,0.96,0.19,0.04,-0.61,4.32,5.38,-319.9,*7A
83960,793,,,-0.95,0.64,0.34,-0.09,0.07,0.96,0.19,0.04,-0.6,4.23,5.29,-319.52,*7A
84017,793,,,-1.1,0.56,0.38,-0.09,0.07,0.96,0.19,0.03,-0.61,4.17,5.3,-323.23,*7A
84074,793,,,-1.13,0.53,0.14,-0.09,0.07,0.96,0.19,0.04,-0.61,4.16,5.27,-321.29,*7A
84131,793,,,-1.21,0.52,0.16,-0.09,0.07,0.96,0.19,0.03,-0.61,4.15,5.15,-322.56,*7A
84188,793,,,-1.14,0.59,0.19,-0.09,0.07,0.96,0.19,0.03,-0.61,4.25,5.35,-324.12,*7A
84245,793,,,-1.27,0.45,0.24,-0.09,0.07,0.96,0.19,0.03,-0.61,4.3,5.36,-323.02,*7A
84301,793,,,-1.02,0.58,0.23,-0.09,0.07,0.96,0.19,0.04,-0.61,4.21,5.42,-318.92,*7A
84359,793,,,-0.79,0.52,0.11,-0.09,0.07,0.96,0.19,0.04,-0.6,4.21,5.32,-320.17,*7A
84416,793,,,-1.18,0.64,0.21,-0.09,0.07,0.96,0.19,0.04,-0.61,,5.34,-321.95,*7A
84543,793,,,-1.28,0.52,0.36,-0.09,0.07,0.96,0.19,0.04,-0.61,4.18,5.27,-320.59,*7A
84620,793,GPGGA,190700.1G,-1.24,0.92,0.17,-0.08,0.07,0.96,0.19,0.04,-0.62,4.33,5.03,-321.73,*7A
84677,793,,,-1.32,0.56,0.29,-0.09,0.07,0.96,0.19,0.04,-0.61,4.29,5.32,-321.9,*7A
84734,793,,,-1.2,0.64,0.17,-0.09,0.07,0.96,0.19,0.04,-0.61,4.14,5.34,-321.77,*7A
84791,793,,,-1.07,0.45,0.04,-0.09,0.07,0.96,0.19,0.03,-0.61,4.27,5.44,-324.23,*7A
84848,793,,,-1.27,0.52,0.37,-0.09,0.07,0.96,0.2,0.03,-0.61,4.16,5.3,-323.45,*7A
84904,793,,,,0.52,0.37,-0.09,0.07,0.96,0.19,0.03,-0.62,4.3,5.29,-324.1,*7A
84904,793,,,-1.1,0.74,0.29,-0.09,0.07,0.96,0.19,0.03,-0.62,4.26,5.36,-322.22,*7A
85019,793,,,-1.07,0.58,0.04,-0.09,0.07,0.96,0.19,0.04,-0.61,4.23,5.38,-322.22,*7A
85075,793,,,-1.31,0.74,0.31,-0.09,0.07,0.96,0.19,0.03,-0.62,4.34,5.32,-323.83,*7A
85133,793,,,-1.09,0.63,0.27,-0.09,0.07,0.96,0.19,0.03,-0.62,4.17,5.36,-324.53,*7A
85189,793,,,-1.3,0.45,0.31,-0.09,0.07,0.96,0.2,0.03,-0.62,4.27,5.38,-324.26,*7A
85246,793,,,-1.09,0.65,0.43,-0.09,0.07,0.96,0.2,0.04,-0.62,4.26,5.37,-321.68,*7A
85303,793,,,-1.07,0.53,0.32,-0.09,0.07,0.96,0.2,0.04,-0.61,4.13,5.34,-321.44,*7A
85360,793,,,-0.93,0.68,0.25,-0.09,0.07,0.96,0.19,0.04,-0.62,4.32,5.41,-320.76,*7A
,793,,,-1.19,0.58,0.13,-0.09,0.07,0.96,0.19,0,-0.62,4.21,5.43,-319.85,*7A
85547,793,GPGGA,190701,-1.29,0.81,0.29,-0.09,0.07,0.96,0.2,0.03,-0.61,4.12,5.34,-323.45,*7A
85621,793,,,-1.11,0.52,0,-0.09,0.07,0.96,0.19,0.03,-0.61,4.19,5.38,-322.42,*7A
85678,793,,,-1.29,0.52,0.22,-0.09,0.07,0.96,0.19,0.04,-0.61,4.27,5.3,-321.96,*7A
85735,793,,,-0.96,0.8,0.36,-0.09,0.07,0.96,0.19,0.03,-0.61,4.15,5.31,-323.64,*7A
85791,793,,,-1.03,0.38,0.25,-0.09,0.07,0.96,0.19,0.03,-0.61,4.21,5.4,-322.81,*7A
85849,793,,,-1.02,0.67,0.33,-0.09,0.07,0.96,0.19,0.04,-0.61,4.19,5.42,-321.17,*7A
85905,793,,,-1.05,0.59,0.37,-0.09,0.07,0.96,0.19,0.04,-0.61,4.18,5.18,-322.05,*7A
85962,793,,,-1.06,0.43,0.28,-0.09,0.07,0.96,0.19,0.03,-0.61,4.24,5.39,-323.81,*7A
86020,793,,,-1.02,0.39,0.3,-0.09,0.07,0.96,0.19,0.03,-0.61,4.19,5.52,-324.18,*7A
86076,793,,,-1.12,0.63,0.17,-0.09,0.07,0.96,0.19,0.03,-0.61,4.23,5.35,-322.58,*7A
86133,793,,,-1.18,0.49,0.23,-0.09,0.07,0.96,0.19,0.04,-0.61,4.17,5.39,-321,*7A
86190,793,,,-1.01,0.64,0.32,-0.09,0.07,0.96,0.19,0.04,-0.61,4.15,5.29,-320.6,*7A
86247,793,,,-1.13,0.51,0.3,-0.09,0.07,0.96,0.19,0.03,-0.61,4.18,5.48,-322.63,*7A
86303,793,,,-1.1,0.57,0.29,-0.09,0.07,0.96,0.19,0.03,-0.61,4.1,5.46,-322.15,*7A
86361,793,,,-1.23,0.53,0.32,-0.09,0.07,0.96,0.19,0.03,-0.61,4.15,5.33,-323.15,*7A
86418,793,,,-1.23,0.48,0.2,-0.09,0.07,0.96,0.19,0.03,-0.62,4.15,5.43,-323.02,*7A
86546,793,,,-1.09,0.52,0.17,-0.09,0.07,0.96,0.19,0.04,-0.61,4.17,5.53,-320.32,*7A
86630,793,GPGGA,190702.1,-1.17,0.55,0.22,-0.09,0.07,0.96,0.19,0.04,-0.61,4.28,5.21,-320.48,*7A
86688,793,,,-1.04,0.49,0.23,-0.09,0.08,0.96,0.19,0.04,-0.61,4.61,5.43,-320.32,*7A
86745,793,,,-1.28,0.47,0.43,-0.09,0.07,0.96,0.19,0.03,-0.61,3.96,5.56,-322.79,*7A
86802,793,,,-1.03,0.18,0.2,-0.09,0.06,0.96,0.19,0.04,-0.61,3.73,5.32,-321.92,*7A
86859,793,,,-0.96,0.6,0.19,-0.09,0.07,0.96,0.19,0.03,-0.61,4.42,5.39,-322.51,*7A
86916,793,,,-1.24,0.45,0.25,-0.09,0.07,0.96,0.19,0.03,-0.62,4.15,5.41,-323.07,*7A
86973,793,,,-1.25,0.39,0.26,-0.09,0.07,0.96,0.19,0.04,-0.61,4.01,5.33,-320.81,*7A
87029,793,,,-1.25,0.39,0.26,-0.1,0.07,0.94,0.19,0.04,-0.61,4.43,5.9,-321.66,*7A
87087,793,,,-1.18,0.74,0.18,-0.11,0.07,0.98,0.19,0.04,-0.61,4.1,6.37,-320.27,*7A
87143,793,,,-0.7,-3.51,0.57,-0.08,0.08,1.04,0.19,0.04,-0.61,4.15,4.15,-319.74,*7A
87200,793,,,-1.14,-0.49,0.37,-0.08,0.07,0.97,0.19,0.03,-0.6,3.94,4.94,-324.35,*7A
87258,793,,,-1.14,-0.49,0.37,-0.12,0.06,0.96,0.19,0.04,-0.61,3.7,7.29,-321,*7A
87258,793,,,-0.74,1.24,0.12,-0.1,0.07,0.95,0.19,0.03,-0.6,4.14,5.77,-322.63,*7A
87371,793,,,0,1.24,0.12,-0.09,0.07,0.96,0.19,0.03,-0.61,4.41,5.54,-323.31,*7A
87429,793,,,-2.14,4.86,-0.71,-0.05,0.08,0.98,0,0.03,-0.61,4.52,3.16,-323.17,*7A
87560,793,GPGGA,190703.M,-11.7,81.47,22.56,0.07,0.07,0.72,0.22,0.03,-0.61,5.92,-5.14,-325.47,*7A
87656,793,,,-3.27,58.9,23.98,0.02,0.15,0.9,0.26,0.04,-0.61,9.47,-1.5,-326.89,*7A
87713,793,,,-,58.9,23.98,0.09,0.1,0.88,0.28,0.03,-0.61,6.36,-5.87,-330.03,*7A
87771,793,,,-10.96,-2.21,2.05,0.04,0.02,0.9,0.3,0.02,-0.62,1.13,-2.58,-333.95,*7A
87827,793,,,16.85,15.25,-3.99,0.02,0.26,0.76,0.3,0.02,-0.61,19,-1.38,-335.08,*7A
87884,793,,,25.02,-12.69,-4.7,0.1,0.08,0.96,0.31,0.02,-0.61,4.65,-6.07,-334.66,*7A
87942,793,,,2.48,-13.3,7.58,0.16,0.09,1.07,0.3,0.02,-0.6,5.02,-8.31,-335.01,*7A
87998,793,,,1.1,-9.02,10.57,0.11,0.04,0.94,0.3,0.02,-0.6,2.43,-6.86,-335.53,*7A
88055,793,,,-3.14,-2.67,5,0.19,0.08,1.04,0.3,0.02,-0.59,4.57,-10.45,-335.02,*7A
88113,793,,,-4.95,-0.74,-0.64,0.06,0,0.89,0.29,0.02,-0.6,-0.07,-3.92,-335.87,*7A
88169,793,,,-1.13,3.4,-1.72,0.18,0.13,1.03,0.29,0.01,-0.59,6.99,-9.71,-337.25,*7A
88226,793,,,-2.01,-17.04,0.63,0.19,0.06,0.91,0.29,0.02,-0.59,3.68,-11.52,-336.21,*7A
88283,793,,,-1.94,-10.19,-10.17,0.09,0.08,0.99,0.28,0.02,-0.6,4.79,-5.11,-335.79,*7A
88340,793,,,3.24,-16.79,-1.9,0.11,0.05,0.95,0.27,0.02,-0.6,2.84,-6.46,-334.2,*7A
88397,793,,,2.09,-11.2,-2.14,0.06,,0.95,0.26,0.02,-0.59,3.72,-3.72,-334.37,*7A
88527,793,,,-0.45,-7.98,1.31,0.07,0.03,0.96,0.26,0.02,-0.59,1.61,-4.31,-332.94,*7A
88611,793,GPGGA,190704,-2.06,-3.02,1.78,0.03,0.06,0.98,0.25,0.02,-0.6,3.56,-1.91,-334.58,*7A
88670,793,GPGGA,190704,-0.16,-2.69,-1.66,0.05,0.07,0.94,0.25,0.02,-0.59,4.5,-3.06,-332.32,*7A
88726,793,,,-3.03,-0.07,0.1,0.05,0.07,0.97,0.25,0.02,-0.59,3.96,-3.11,-332.73,*7A
88783,793,,,-3.66,-8.34,-0.12,0.06,0.03,0.99,0.25,0.02,-0.6,1.76,-3.5,-334,*7A
88840,793,,,-4.55,2.3,-0.65,0.03,0.08,0.98,0.25,0.01,-0.6,4.39,-1.94,-336.69,*7A
88897,793,,,-0.79,-5.59,-0.65,0.07,0.05,0.95,0.25,0.01,-0.6,3.22,-4.34,-336.57,*7A
88953,793,,,-1.43,-7.67,0.18,0.04,0.07,0.96,0.24,0.02,-0.59,4.3,-2.64,-334.47,*7A
89011,793,,,0.48,-6.14,3.54,0.06,0.06,0.96,0.23,0.02,-0.58,3.35,-3.55,-334.28,*7A
89068,793,,,1.94,-16.07,3.66,0.02,0.03,0.93,0.23,0.02,-0.58,2.14,-1.38,-331.57,*7A
89124,793,,,1.32,-13.36,1.29,-0.02,0.08,0.9,0.22,0.03,-0.57,5.04,1.09,-327.69,*7A
89182,793,,,-5.99,-10.17,7.68,0.02,0.06,0.95,0.21,0.04,-0.56,3.66,-1.34,-322.97,*7A
89239,793,,,-9.06,-9.9,8.93,-0.02,0.07,0.94,0.2,0.04,-0.55,4.5,0.96,-319.1,*7A
89295,793,,,-6.76,-2.35,7.9,-0.02,0.09,0.95,0.18,0.05,-0.54,5.68,1.39,-314.77,*7A
89353,793,,,-1.51,-2.67,13.97,-0.01,0.1,0.95,0.17,0.05,-0.55,6.07,0.38,-308.93,*7A
89410,793,,,-1.51,-2.67,13.97,-0.02,0.04,0.99,0.14,0.05,-0.54,2.56,0.94,-304.21,*7A
89540,793,,,-4.71,-8.17,1.51,-0.11,0.09,0.96,0.11,0.04,-0.55,5.13,6.74,-301.46,*7A
89613,793,GPGGA,190705,-7.3,-3.44,-3.7,-0.1,0.08,0.95,0.1,0.03,-0.57,4.73,5.75,-304.93,*7A
89671,793,,,-4.52,-4.09,-0.72,-0.1,0.1,0.98,0.1,0.02,-0.57,5.63,6.03,-314.92,*7A
89728,793,,,-1.27,-12.41,1.01,-0.15,0.09,0.95,0.09,0.02,-0.57,5.21,9.07,-321.97,*7A
89785,793,,,2.83,-7.69,-0.55,-0.12,0.09,0.96,0.09,0.01,-0.57,5.18,7.22,-326.23,*7A
89842,793,,,5.11,-10.68,4.41,-0.13,0.09,0.95,0.08,0.01,-0.57,5.43,7.63,-322.38,*7A
89899,793,,,1.23,-4.73,3.01,-0.15,0.08,0.98,0.07,0.01,-0.57,4.57,8.43,-328.31,*7A
89956,793,,,5.09,-6.33,0.95,-0.14,0.1,0.94,0.07,0.01,-0.57,6.16,8.48,-328.04,*7A
90012,793,,,4.17,-14.63,-2.71,-0.17,0.12,0.9,0.07,0.01,-0.57,7.49,10.85,-321.52,*7A
90070,793,,,3.36,-11.52,-2.43,-0.15,0.1,1,0.07,0.01,-0.57,5.89,8.39,-323.85,*7A
90127,793,,,1,-3.59,3.89,-0.14,0.11,0.95,0.07,0.01,-0.56,6.37,8.29,-328.08,*7A
90183,793,,,1.9,-1.86,8.59,-0.21,0.08,0.93,0.07,0.02,-0.56,4.59,12.45,-317.35,*7A
90241,793,,,0.2,-1.86,8.59,-0.18,0.07,0.96,0.07,0.01,-0.55,4.39,10.69,-320.39,*7A
90298,793,,,-1.2,6.26,6.33,-0.17,0.05,0.99,0.08,0.01,-0.55,3.06,9.73,-322.23,*7A
90354,793,,,-2.75,7.65,-0.61,-0.19,0.03,0.96,0.08,0.02,-0.55,1.93,10.99,-321.18,*7A
90413,793,,,-0.95,6.53,0.12,-0.19,0.03,0.96,0.09,0.01,-0.55,2.96,10.14,-,*7A
90544,793,,,-0.74,4.14,-5.79,-0.12,0.06,0.95,0.1,0.01,-0.55,3.87,7.32,-325.72,*7A
90614,793,GPGGA,190706.3,3.26,11.26,-4.73,-0.16,0.08,0.99,0.1,0.02,-0.55,4.59,8.9,-325.83,*7A
90672,793,,,4.88,7.34,-11.39,-0.13,0.08,0.96,0.11,0.01,-0.55,4.94,7.84,-329.5,*7A
90729,793,,,13.36,1.02,-1.79,-0.14,-0.01,0.96,0.11,0.02,-0.54,-0.46,8.01,-322.05,*7A
90786,793,,,12.47,5.69,-7.51,-0.12,0.09,0.91,0.11,0.03,-0.54,5.87,7.59,-315.15,*7A
90843,793,,,-3.99,10.72,1.16,-0.09,0.03,0.97,0.11,0.03,-0.54,1.53,5.42,-313.05,*7A
90900,793,,,-4.33,11.8,0.98,-0.12,0.03,0.95,0.11,0.03,-0.55,1.91,7.41,-316.22,*7A
90957,793,,,-9.78,10.16,-9.56,-0.16,0.05,0.99,0.12,0.03,-0.55,2.89,9.17,-316.96,*7A
91014,793,,,-1.8,-11.1,-3.7,-0.06,0.07,0.92,0.12,0.02,-0.55,4.16,3.62,-320.37,*7A
91071,793,,,-4.87,5.51,-2.34,-0.09,0.05,0.99,0.12,0.02,-0.55,2.67,4.92,-320.85,*7A
91128,793,,,-5.25,6.19,1.23,-0.09,0.03,0.96,0.12,0.02,-0.56,1.52,5.12,-323.37,*7A
91185,799,,,-4.69,2.78,-2.16,-0.1,0.05,0.97,0.12,0.02,-0.55,3.15,6.08,-323.7,*7A
91242,803,,,-2.4,-8.35,9.88,-0.06,0.07,1,0.12,0.02,-0.54,3.87,3.42,-327.48,*7A
91299,797,,,1.78,2.63,12.17,-0.12,0.08,0.93,0.12,0.02,-0.54,4.98,7.11,-322.82,*7A
91356,793,,,-2.47,-7.7,13.04,-0.08,0.09,0.94,0.12,0.03,-0.55,5.23,4.81,-317.64,*7A
91413,789,,,-5.71,1.86,15.51,-0.1,0.09,1.02,0.12,0.03,-0.55,4.96,5.45,,*7A
91545,802,,,6.26,6.48,7.5,-0.1,0.06,0.99,0.12,0.04,-0.54,3.76,5.79,-308.17,*7A
91615,781,GPGGA,190707.SG,-0.2,-10.81,-0.03,-0.17,0.04,0.92,0.11,0.04,-0.55,2.34,10.22,-304.41,*7A
91673,814,,,0.22,-1.76,4.22,-0.16,0.05,0.95,0.11,0.04,-0.54,2.95,9.57,-302.71,*7A
91730,803,,,,-1.76,4.22,-0.1,0.04,0.97,0.11,0.04,-0.54,2.53,5.7,-300.37,*7A
91787,801,,,-2.97,-3.61,8.6,-0.15,0.01,0.99,0.11,0.04,-0.53,0.5,8.8,-298.3,*7A
91844,799,,,3.8,0.82,-6.94,-0.15,0.02,0.96,0.11,0.04,-0.53,1,8.73,-300.27,*7A
91901,814,,,12.23,13.05,-5.37,-0.1,0.04,0.93,0.11,0.05,-0.53,2.22,6.26,-297.78,*7A
91958,773,,,13.65,9.98,-5.14,-0.15,0.03,0.93,0.11,0.05,-0.53,1.77,9.08,-292.12,*7A
92015,766,,,11.78,-3.97,-4.82,-0.11,0,0.98,0.12,0.05,-0.54,-0.16,6.15,-293.94,*7A
92015,809,,,-1.53,-12.74,-5.4,-0.14,-0.02,0.96,0.11,0.06,-0.54,-1.3,8.41,-290.91,*7A
92129,805,,,1.39,-13.57,-0.4,-0.17,0,0.94,0.11,0.06,-0.53,-0.18,10.01,-284.81,*7A
92186,796,,,0.45,-7.58,-3.58,-0.2,0.01,0.88,0.1,0.06,-0.53,0.7,12.51,-284.34,*7A
92243,813,,,2.87,-1.93,-8.24,-0.18,0.04,0.96,0.1,0.06,-0.53,2.11,10.38,-280.02,*7A
92301,832,,,1.56,-4.35,-0.49,-0.13,0.01,0.95,0.1,0.06,-0.53,0.47,7.9,-277.37,*7A
92357,804,,,0.43,3.74,5.11,-0.18,0.03,0.97,0.09,0.06,-0.53,1.72,10.21,-277.28,*7A
92414,815,,,-1.7,10.56,11.64,-0.15,0.05,0.98,0.1,0.06,-0.52,2.9,8.9,-,*7A
92546,818,GPGGA,19070800,-4.5,1.58,-6.92,-0.17,-0.01,0.97,0.1,0.07,-0.52,-0.47,9.77,-275.28,*7A
92652,801,,,-5.19,2.94,-5.8,-0.16,-0.01,1,0.1,0.07,-0.52,-0.33,9.07,-275.68,*7A
92709,830,,,-2.97,-7.38,-5.37,-0.14,0.01,0.97,0.11,0.06,-0.52,0.64,8.37,-285.81,*7A
92766,821,,,-3.21,-2.65,-1.02,-0.12,0.01,0.95,0.1,0.06,-0.53,0.56,7.41,-279.4,*7A
92823,836,,,-,-2.65,-1.02,-0.15,0.04,0.96,0.1,0.06,-0.53,2.43,9.14,-280.44,*7A
9,800,,,-0.37,3.78,-6.45,-0.16,0,0.92,0.1,0.07,-0.52,0.12,9.78,-276.24,*7A
92937,826,,,-7.18,13.57,-0.02,-0.12,-0.01,0.95,0.11,0.06,-0.52,-0.56,6.92,-285.54,*7A
92994,810,,,-3.29,5.41,-8.68,-0.13,0.01,0.99,0.11,0.06,-0.52,0.63,7.5,-288.42,*7A
93051,813,,,-0.03,2.97,-18.48,-0.17,-0.03,0.98,0.11,0.05,-0.53,-1.75,10.01,-291.92,*7A
93108,822,,,0.93,-5.36,-11.63,-0.12,0.03,0.93,0.11,0.06,-0.52,1.69,7.56,-290.34,*7A
93165,834,,,-2.07,4.45,9.24,-0.09,-0.01,0.97,0.11,0.05,-0.52,-0.75,5.52,-288.93,*7A
93222,847,,,-1.09,10.96,13.23,-0.16,0.02,0.99,0.11,0.06,-0.53,1.08,9.17,-291,*7A
93279,798,,,0.3,3.04,9.6,-0.08,-0.01,0.98,0.12,0.06,-0.52,-0.71,4.65,-290.14,*7A
93336,826,,,0.3,3.04,9.6,-0.14,0,0.94,0.12,0.06,-0.52,-0.06,8.47,-289.02,*7A
93393,843,,,2.15,-0.31,-10.11,-0.1,0.02,0.97,0,0.06,-0.52,1.01,6.06,-290.67,*7A
93526,,,,2.06,17.3,6.66,-0.11,0.03,1,0.12,0.06,-0.52,1.86,6.38,-289.4,*7A
93606,812,GPGGA,190709,-4.53,-3.01,-10.69,-0.12,0.02,0.91,0.13,0.07,-0.53,1.02,7.65,-288.18,*7A
93664,829,,,-13.89,-0.07,0.29,-0.09,-0.03,0.96,0.13,0.06,-0.52,-1.93,5.14,-291.14,*7A
93721,796,,,-19.21,-0.6,-3.92,-0.09,-0.05,0.96,0.13,0.05,-0.53,-2.79,5.53,-302.51,*7A
93778,819,,,-9.84,1.96,5.31,-0.13,-0.01,0.98,0.13,0.05,-0.52,-0.51,7.53,-299.37,*7A
93836,807,,,-4.06,0.99,1.86,-0.12,-0.02,0.96,0.13,0.05,-0.52,-1.03,7.24,-303.19,*7A
93892,824,,,3.42,0.81,-9.71,-0.07,0.02,0.98,0.13,0.05,-0.53,0.98,4.29,-301.46,*7A
93949,819,,,1.15,2.68,-7.36,-0.05,0.02,0.96,0.13,0.05,-0.53,0.93,3.01,-301.33,*7A
94007,867,,,4.82,-1.14,-9.19,-0.07,0.04,0.98,0.13,0.05,-0.52,2.59,3.98,-303.62,*7A
94063,840,,,3.01,6.13,0.35,-0.11,0.04,0.96,0.14,0.05,-0.52,2.59,6.84,-304.91,*7A
94120,828,,,-1.1,3.08,-6.55,-0.12,0.06,0.94,0.13,0.05,-0.52,3.62,7.56,-304.47,*7A
94177,855,,,-0.9,2.63,-11.43,-0.12,0.07,0.97,0.14,0.05,-0.53,3.86,6.78,-302.78,*7A
94234,853,,,0.86,4.35,-6.42,-0.08,0.05,0.96,0.14,0.05,-0.52,3.2,5,-304.88,*7A
94291,842,,,1.15,0.98,-3.57,-0.11,0.04,0.95,0.14,0.04,-0.52,2.53,6.45,-307.65,*7A
94348,841,,,-4.03,3.38,-0.03,-0.08,0.05,0.98,0.14,0.04,-0.52,2.9,4.79,-310.44,*7A
94405,834,,,-3.47,0.13,-0.35,,0.05,0.98,0.14,0.04,-0.52,2.63,5.23,-314,*7A
94535,832,,,0.35,2.15,-8.54,-0.04,0.07,0.96,0.14,0.04,-0.53,4.1,2.4,-314.04,*7A
94616,837,GPGGA,190710,-1.61,-1.65,-7.07,-0.08,0.08,0.96,0.14,0.03,-0.53,4.56,4.57,-316.17,*7A
94674,84,,,-4.24,-2.21,-0.03,-0.07,0.07,0.95,0.14,0.03,-0.53,4.43,4.39,-319.9,*7A
94731,854,,,-6.6,-2.17,8.24,-0.01,0.08,0.96,0.14,0.03,-0.53,4.98,0.47,-318.81,*7A
94788,842,,,-5.42,1.14,2.85,-0.05,0.09,0.96,0.14,0.03,-0.52,5.38,3.24,-318.89,*7A
94788,792,,,-5.27,4.85,4.21,-0.05,0.12,0.89,0.14,0.03,-0.53,7.55,3.47,-317.92,*7A
94902,823,,,-7.73,-1.38,-4.44,-0.12,0.06,0.96,0.14,0.02,-0.53,3.53,6.88,-324.72,*7A
94959,836,,,-6.78,-1.36,-2.57,-0.1,0.05,0.95,0.14,0.02,-0.53,2.84,5.83,-323.64,*7A
95016,844,,,-5.64,0.87,1.2,-0.07,0.07,0.97,0.14,0.02,-0.53,4.06,4.25,-330.17,*7A
95073,828,,,-1.98,-1.09,3.08,-0.11,0.08,0.96,0.14,0.02,-0.53,4.56,6.54,-329.03,*7A
95130,828,,,-2.25,1.16,5.22,-0.06,0.07,0.97,0.14,0.02,-0.53,4.03,3.66,-329.68,*7A
95186,840,,,-3.41,3.24,-1.37,-0.06,0.08,0.94,0.14,0.01,-0.53,4.67,3.91,-331.83,*7A
95244,865,,,-5.6,6.6,-3.85,-0.07,0.06,0.95,0.14,0.01,-0.53,3.3,4.02,-335.59,*7A
95301,839,,,-4.98,2.42,-3.62,-0.04,0.08,0.95,0.14,0.01,-0.53,4.82,2.66,-335.39,*7A
95357,852,,,-7.32,-1.93,2.48,-0.04,0.07,0.94,0.15,0.01,-0.53,4.16,2.13,-336.88,*7A
95415,843,,,-6.55,0.23,5.28,-0.05,0.07,0.97,0.15,0,-0.53,4.41,3.01,-342.62,*7A
95545,820,,,-2.31,-2.78,0,-0.07,0.1,0.96,0.15,0,-0.52,5.95,4.42,-340.11,*7A
95609,824,GPGGA,190711.M2,-3.3,1.97,-3.17,-0.06,0.1,0.97,0.15,0,-0.54,6.08,3.44,-343.38,*7A
95667,829,,,-3.38,-7.87,-5.16,-0.1,0.11,0.93,0.15,0.01,-0.53,6.88,5.86,-338.73,*7A
95724,842,,,-6.53,-4.75,5.42,-0.07,0.13,0.97,0.14,0,-0.53,7.35,4.29,-345.51,*7A
95781,859,,,-,-4.75,5.42,-0.09,0.13,0.98,0.15,0,-0.52,7.39,5.17,-344.8,*7A
95838,826,,,0.99,-0.9,2.76,-0.06,0.1,0.98,0.14,0,-0.52,5.96,3.31,-340.06,*7A
95895,843,,,0.99,-0.9,2.76,-0.08,0.12,0.98,0.15,0,-0.52,7.2,4.6,-345.44,*7A
95952,828,,,-0.83,-1.45,-1.84,-0.07,0.12,0.97,0.15,0,-0.52,7.23,4.07,-343.59,*7A
96009,855,,,-1.16,-1.27,-0.95,-0.08,0.14,0.95,0.15,-0.01,-0.52,8.49,4.76,-347.62,*7A
96066,816,,,-2.58,-1.56,5.5,-0.1,0.12,0.92,0.15,-0.01,-0.52,7.27,6.13,-348.65,*7A
96123,861,,,-2.58,-1.56,5.5,-0.09,0.17,0.95,0.15,-0.01,-0.53,10.34,5.59,-347.59,*7A
96180,827,,,1.45,2.64,3.44,-0.07,0.17,0.94,0.15,-0.01,-0.52,10.17,3.96,-350.1,*7A
96237,830,,,-1.68,1.15,1.23,-0.11,0.12,0.91,0.15,-0.01,-0.52,7.72,6.58,-350.13,*7A
96294,829,,,-10.57,4.21,0.09,-0.09,0.14,0.97,0.15,-0.01,-0.52,8.23,5.5,-351.12,*7A
96351,843,,,-4.9,1.9,0.8,-0.11,0.11,0.99,0.16,-0.02,-0.53,6.57,6.31,-354.13,*7A
96408,844,,,1.36,-0.11,-2.86,-0.11,0.12,0.98,0.15,-0.02,-0.53,7.13,6.1,,*7A
96541,823,,,2.61,-1.12,-0.87,-0.1,0.11,0.96,0.15,-0.01,-0.52,6.33,5.86,-352.7,*7A
96610,826,GPGGA,"190712.M
",1.91,-1.01,2.39,-0.07,0.1,0.92,0.15,-0.01,-0.51,6.47,4.26,-350.73,*7A
96667,823,,,1.69,4.07,1.92,-0.09,0.12,0.98,0.15,-0.01,-0.52,7.04,5.49,-350.93,*7A
96724,820,,,0,4.07,1.92,-0.08,0.11,0.98,0.15,-0.01,-0.52,6.23,4.73,-351.8,*7A
,852,,,1.37,2.25,-4.73,-0.13,0.12,0.95,0.16,-0.01,-0.51,7.2,7.68,-352.41,*7A
96838,840,,,-2.12,0.69,-4.21,-0.09,0.13,0.94,0.15,-0.01,-0.51,7.74,5.55,-352.24,*7A
96896,799,,,-2.56,-0.12,-0.76,-0.09,0.1,0.94,0.15,-0.01,-0.52,6.09,5.29,-353.31,*7A
96953,836,,,-0.68,0.95,-0.02,-0.11,0.11,0.93,0.16,-0.02,-0.51,6.97,6.94,-356.52,*7A
97009,844,,,0.02,1.81,-1.65,-0.1,0.14,0.96,0.16,-0.02,-0.52,7.98,5.83,-355.1,*7A
97067,841,,,-0.31,1.15,-5.96,-0.06,0.11,0.96,0.16,-0.01,-0.52,6.54,3.84,-353.17,*7A
97124,832,,,,1.15,-5.96,-0.07,0.12,0.95,0.16,-0.02,-0.52,7.12,4,-355.86,*7A
97180,846,,,-3.06,4.26,-3.78,-0.08,0.13,0.98,0.16,-0.02,-0.51,7.59,4.87,-356.87,*7A
97238,843,,,-0.75,-1.29,-0.61,-0.04,0.12,0.96,0.16,-0.02,-0.51,7.1,2.26,-358.24,*7A
97295,833,,,-2.63,-2.69,-5.54,-0.1,0.11,0.97,0.16,-0.02,-0.51,6.71,5.89,-358.12,*7A
97351,854,,,-3.49,-2.55,-2.86,-0.06,0.08,0.95,0.16,-0.02,-0.52,5.07,3.63,359.36,*7A
97409,862,,,0.53,0.96,-6.46,-0.06,0.08,0.95,0.16,-0.02,-0.51,7.51,5.14,-35,*7A
97540,866,GPGGA,19071370,0.63,2.04,-2.63,-0.09,0.11,0.93,0.17,-,-0.51,6.73,5.55,358.05,*7A
97660,867,,,-1,3.74,-6,-0.1,0.14,0.95,0.16,-0.03,-0.52,8.19,6.22,357.68,*7A
97718,828,,,3.6,-1.57,-8.23,-0.1,0.15,0.95,0.17,-0.03,-0.52,8.76,5.73,359.29,*7A
97775,855,,,-1.32,1.08,-9.77,-0.08,0.12,0.97,0.16,-0.03,-0.51,6.89,4.54,356.39,*7A
97831,838,,,-1.3,-3.09,-3.64,-0.06,0.1,0.96,0.17,-0.04,-0.5,5.75,3.33,350.87,*7A
97889,853,,,-1.15,2.53,-6.99,-0.06,0.12,1,0.16,-0.03,-0.51,7.09,3.34,354.3,*7A
97946,852,,,0.98,-3.07,-3.54,-0.06,0.11,0.95,0.16,-0.03,-0.51,6.77,3.66,355.65,*7A
98002,859,,,-1.56,0.14,-6.81,-0.1,0.11,0.93,0.16,-0.03,-0.51,6.97,6.14,355.47,*7A
98060,859,,,-0.72,2.43,-7.38,-0.07,0.12,0.95,0.16,-0.04,-0.51,7.03,4.06,346.91,*7A
98117,839,,,-2.78,1.23,-7.11,-0.07,0.1,0.97,0.16,-0.04,-0.51,6.09,4.25,348.76,*7A
98173,861,,,-3.81,-4.12,-5.07,-0.09,0.09,0.96,0.16,-0.04,-0.51,5.62,5.19,348.65,*7A
98231,854,,,-4.24,0.14,-4.5,-0.08,0.1,0.95,0.17,-0.05,-0.5,6.29,4.8,344.85,*7A
98287,837,,,-0.25,-0.3,-1.64,-0.07,0.1,0.96,0.16,-0.04,-0.51,5.73,4.12,347.52,*7A
98344,873,,,-1,-0.3,-1.64,-0.08,0.11,0.97,0.17,-0.05,-0.5,6.27,4.52,345.56,*7A
98402,859,,,-0.41,-3.84,2.52,-0.07,0.09,0.93,0.16,-0.05,-0.5,5.27,3.97,345.29,*7A
98533,846,,,-1.84,0.54,1.22,-0.07,0.1,0.94,0.17,-0.05,-0.51,5.98,4.39,343.72,*7A
98612,827,GPGGA,190714,-4.14,0.6,-,-0.06,0.13,0.98,0.16,-0.05,-0.51,7.29,3.53,342.69,*7A
9,847,,,-6.06,-1.51,1.51,-0.07,0.12,0.98,0.16,-0.05,-0.51,7.07,4.28,340.56,*7A
98831,851,,,-5.07,-0.13,-4.79,-0.11,0.12,0.94,0.16,-0.05,-0.51,7.49,6.49,341.21,*7A
98888,810,,,,-0.13,-4.79,-0.08,0.16,0.99,0.17,-0.06,-0.5,9.15,4.53,336.21,*7A
98888,871,,,1.37,-2.78,3.32,-0.1,0.15,0.95,0.17,-0.06,-0.5,9.12,6.01,339.37,*7A
99002,845,,,1.37,-2.78,3.32,-0.11,0.15,0.95,0.17,-0.06,-0.5,8.83,6.82,336.44,*7A
99059,830,,,1.55,-0.54,0.03,-0.11,0.14,0.95,0.17,-0.06,-0.5,8.44,6.58,336.42,*7A
99117,839,,,-3.22,-1.24,1.67,-0.12,0.14,0.96,0.17,-0.06,-0.5,8.58,7.12,335.88,*7A
99173,842,,,-0.75,0.24,1.16,-0.1,0.14,0.98,0.16,-0.06,-0.5,8.41,5.65,335.6,*7A
99230,840,,,,0.24,1.16,-0.11,0.14,0.95,0.16,-0.06,-0.5,8.17,6.55,334.21,*7A
99230,850,,,-2.09,-0.9,5.36,-0.11,0.13,0.95,0.16,-0.06,-0.5,7.78,6.74,333.94,*7A
99344,859,,,-2.09,-0.9,5.36,-0.12,0.15,0.95,0.16,-0.06,-0.49,8.7,7.11,335.22,*7A
99401,857,,,-5.79,0.18,2.96,-0.13,0.15,0.96,0.16,-0.06,-0.49,8.83,7.4,335.54,*7A
99459,847,,,-3.42,-4.03,4.75,-0.11,0.14,0.94,0.16,-0.06,-0.49,8.34,6.61,333.01,*7A
99515,848,,,-3.05,-1.88,4.8,-0.14,0.14,0.94,0.16,-0.06,-0.49,8.68,8.45,335.26,*7A
99572,848,GPGGA,190715.*,-1.09,-1.23,6.82,-0.12,0.14,0.96,0.15,-0.06,-0.5,8.26,6.81,334.85,*7A
99631,858,,,1.87,-0.34,4.36,-0.14,0.14,0.95,0.16,-0.06,-0.49,,8.23,335.2,*7A
99764,830,,,4.59,3.51,0.58,-0.12,0.14,0.96,0.16,-0.06,-0.5,8.33,6.95,335.24,*7A
99831,844,,,1.72,1.21,1.92,-0.15,0.09,0.95,0.16,-0.06,-0.5,5.49,8.95,338.08,*7A
99889,852,,,-3.89,-9.35,-4.04,-0.12,0.11,0.99,0.15,-0.06,-0.49,6.11,6.97,335,*7A
99946,856,,,3.25,-3.93,-4.1,-0.13,0.13,0.94,0.15,-0.06,-0.5,7.79,7.65,335.85,*7A
100002,847,,,3.16,-2.12,-5.22,-0.15,0.11,0.95,0.15,-0.05,-0.49,6.53,8.8,339.02,*7A
100060,849,,,5.52,1.95,-1.62,-0.11,0.12,0.96,0.15,-0.05,-0.49,6.85,6.69,339.62,*7A
100117,862,,,1.41,2.98,0.14,-0.16,0.09,0.96,0.15,-0.06,-0.49,5.4,9.25,335.92,*7A
100174,847,,,0.28,-0.2,-0.64,-0.12,0.1,0.97,0.15,-0.06,-0.49,5.77,6.91,335.63,*7A
100231,,,,2.98,-4.28,-6.09,-0.14,0.09,0.92,0.15,-0.05,-0.48,5.61,8.38,338,*7A
100288,879,,,0.82,2.01,-8.83,-0.14,0.09,0.93,0.14,-0.05,-0.49,5.46,8.36,336.4,*7A
100345,852,,,0.78,2.24,-6.45,-0.14,0.08,0.96,0.15,-0.06,-0.49,4.96,8.29,335.92,*7A
100402,839,,,1.11,2.56,-3.91,-0.14,0.09,0.95,0.15,-0.06,-0.49,5.69,8.28,334.89,*7A
100459,864,,,0.8,3.57,-6.09,-0.12,0.09,0.96,0.15,-0.06,-0.49,5.06,6.85,332.82,*7A
100516,856,,,-1.15,2.29,-7.11,-0.15,0.07,0.95,0.15,-0.06,-0.5,4.36,9.07,330.36,*7A
100573,871,,,-1.79,2.13,-5.29,-0.14,0.07,0.96,0.15,-0.05,-0.5,3.94,8.02,336.73,*7A
100630,853,GPGGA,190716,-0.59,5.81,-5.15,-0.14,0.11,0.97,0.15,-0.07,,6.42,8.07,330.31,*7A
100771,854,,,-2.01,-2.91,-12.04,,0.11,0.97,0.16,-0.07,-0.49,7.73,5.86,330.25,*7A
100841,851,,,-1.48,-1.3,-2.95,-0.11,0.12,0.93,0.15,-0.07,-0.49,7.13,6.51,328.19,*7A
100898,847,,,-2.51,1.43,-6.36,-0.12,0.11,0.95,0.15,-0.07,-0.5,6.69,7.4,325.75,*7A
100956,865,,,-0.81,-2.88,-11,-0.11,0.12,0.95,0.15,-0.08,-0.49,7.07,6.67,324.45,*7A
101012,851,,,-3.09,-3.06,-14.74,-0.13,0.1,0.94,0.15,-0.07,-0.5,6.07,7.56,326.21,*7A
101069,859,,,-3.14,-0.86,-9.53,-0.13,0.11,0.97,0.15,-0.08,-0.49,6.57,7.45,324.07,*7A
101127,850,,,-2.46,0.38,-11.16,-0.1,0.1,0.97,0.15,-0.08,-0.5,6.11,6.09,321.46,*7A
101183,846,,,,0.38,-11.16,-0.09,0.12,0.96,0.15,-0.08,-0.49,7.21,5.39,323.86,*7A
101240,853,,,0.31,2.09,-16.69,-0.1,0.13,0.96,0.15,-0.08,-0.49,7.73,5.76,322.16,*7A
101298,833,,,-0.21,0.95,-16.41,-0.1,0.12,0.95,0.15,-0.09,-0.49,7.24,5.71,318.94,*7A
101355,871,,,-1.92,-1.01,-20.06,-0.11,0.13,0.95,0.16,-0.09,-0.5,7.76,6.51,317.21,*7A
101411,860,,,0.7,-0.32,-21.27,-0.11,0.13,0.96,0.16,-0.09,-0.49,7.52,6.67,319.73,*7A
101469,855,,,2.12,1.25,-18.59,-0.14,0.13,0.94,0.16,-0.1,-0.5,8.21,8.2,313.03,*7A
101526,846,,,0.79,1.65,-14.87,-0.11,0.11,0.97,0.16,-0.1,-0.49,6.56,6.65,313.14,*7A
101583,854,,,2.52,-1.85,-13.97,-0.1,0.13,0.96,0.16,-0.1,-0.49,7.54,6.02,314.1,*7A
,861,GPGGA,190717,0.55,0.25,-15.6,-0.13,0.11,0.95,0.16,-0.1,-0.5,6.82,7.54,312.28,*7A
101781,860,,,-1.72,,-15.6,-0.14,0.12,0.97,0.16,-0.11,-0.49,7.23,7.9,309.05,*7A
101876,893,,,0.3,4.24,-2.05,-0.12,0.13,0.96,0.16,-0.11,-0.49,7.68,6.98,308.02,*7A
101934,881,,,-1.91,1.26,-2.38,-0.11,0.12,0.96,0.16,-0.11,-0.49,6.86,6.66,309.37,*7A
101991,,,,-3.59,-2,-2.82,-0.07,0.1,0.98,0.16,-0.11,-0.5,5.89,4.03,306.9,*7A
102047,867,,,-2.59,-2.85,-5.44,-0.11,0.1,0.95,0.16,-0.11,-0.49,6.14,6.28,307.17,*7A
102105,844,,,-2.7,-1.6,2.73,-0.06,0.09,0.95,0.16,-0.11,-0.49,5.5,3.51,307.83,*7A
102162,845,,,0.08,2.91,3.66,-0.1,0.11,0.97,0.16,-0.11,-0.49,6.35,5.62,308.27,*7A
102218,856,,,1.9,2.81,7.41,-0.06,0.09,0.95,0.16,-0.11,-0.49,5.68,3.32,308.24,*7A
102276,868,,,-2.88,5.36,2.8,-0.16,0.11,0.98,0.16,-0.1,-0.49,6.46,9.14,310.84,*7A
102333,859,,,-1.6,-2.6,4.38,0.06,0.14,1,0.16,-0.11,-0.49,8.04,-3.27,308.79,*7A
102389,845,,,0.55,-0.51,2.26,-0.1,0.13,0.96,0.16,-0.1,-0.49,7.82,6.06,310.44,*7A
102447,854,,,2.54,-9.97,0.57,-0.1,0.11,0.92,0.16,-0.1,-0.49,6.82,5.99,310.92,*7A
102447,859,,,-2.77,1.2,5.46,-0.08,0.11,0.96,0.15,-0.1,-0.49,6.29,4.94,310.22,*7A
102560,858,,,-2.22,0.17,6.95,-0.11,0.1,0.95,0.15,-0.1,-0.49,6.21,6.76,308.06,*7A
102619,847,GPGGA,190718,0.12,1.91,4.48,-0.12,0.12,0.98,0.15,-0.1,-0.48,7.01,,307.15,*7A
102757,869,,,-2.58,-0.56,4.21,-0.12,0.11,0.94,0.15,-0.1,-0.49,6.84,7.07,309.1,*7A
102832,875,,,1.16,-2.12,3.19,-0.1,0.11,0.96,0.14,-0.1,-0.49,6.36,5.77,304.68,*7A
102889,881,,,1.65,-1.57,2.24,-0.1,0.1,0.96,0.14,-0.1,-0.48,6.01,6.14,306.41,*7A
102946,854,,,1.47,-0.25,3.76,-0.11,0.11,0.96,0.14,-0.1,-0.48,6.73,6.37,306.23,*7A
103003,893,,,0.42,0.17,2.22,-0.12,0.09,0.96,0.14,-0.1,-0.48,5.63,7.21,306.83,*7A
103060,888,,,0.47,0.89,6.64,-0.12,0.1,0.95,0.14,-0.1,-0.49,5.99,7.3,306.77,*7A
103117,868,,,0.27,0.24,4.55,-0.14,0.11,0.96,0.14,-0.09,-0.49,6.65,8.18,310.52,*7A
103174,872,,,-0.35,-1.92,6.28,-0.12,0.1,0.95,0.13,-0.1,-0.48,5.86,7.42,304.46,*7A
103231,873,,,-0.19,-1.99,0.52,-0.16,0.1,0.96,0.13,-0.09,-0.48,5.9,9.31,307.57,*7A
103288,867,,,0.52,-5.71,3.36,-0.15,0.09,0.95,0.13,-0.09,-0.48,5.37,8.79,305.01,*7A
103345,874,,,1.22,-6.07,0.67,-0.13,0.09,0.96,0.13,-0.1,-0.48,5.41,7.58,302.28,*7A
103402,855,,,4.01,-4.58,3.53,-0.14,0.09,0.94,0.12,-0.09,-0.48,5.52,8.65,303.13,*7A
103459,867,,,2.75,-2.56,-3.68,-0.16,0.11,0.97,0.12,-0.09,-0.47,6.35,9.3,302.42,*7A
103516,875,,,0.85,-4.13,-5.62,-0.17,0.04,0.94,0.12,-0.09,-0.47,2.71,10.21,302.8,*7A
103573,889,,,-1.08,-1.58,-4.59,-0.2,0.08,0.95,0.11,-0.09,-0.48,4.74,11.63,298.49,*7A
103630,872,,,-0.16,1.24,-4.58,-0.19,0.08,0.94,0.12,-0.09,-0.47,4.96,11.38,299,*7A
103761,893,,,-1.55,-0.65,7.08,-0.04,0.02,0.97,0.11,-0.09,-0.47,1.05,2.59,297.31,*7A
103834,879,GPGGA,190719,1.46,5.96,1.02,-0.19,-0.01,0.92,0.12,-0.09,-0.48,-0.35,11.55,300.26,*7A
103891,871,,,3.53,2.2,0.64,-0.11,0.02,0.93,0.12,-0.09,-0.47,1.24,7.01,299.72,*7A
103891,887,,,-0.5,6.55,-6.57,-0.16,0.04,0.97,0.12,-0.09,-0.47,2.1,9.28,301.52,*7A
104006,883,,,2.57,4.3,-7.18,-0.08,0.05,0.93,0.12,-0.09,-0.47,2.86,4.98,303.11,*7A
104064,875,,,-3.23,9.6,-16.06,-0.18,0.11,0.96,0.12,-0.1,-0.47,6.34,10.31,300.04,*7A
104120,872,,,-2.69,7.05,-4.92,-0.11,0.11,0.95,0.13,-0.09,-0.47,6.52,6.73,303.09,*7A
104177,852,,,-5.9,10.65,1.51,-0.2,0.12,0.96,0.13,-0.1,-0.48,7.02,11.56,301.68,*7A
104235,861,,,-2.97,2.77,6.14,-0.08,0.08,0.95,0.13,-0.1,-0.48,4.85,4.96,300.67,*7A
104291,866,,,-1,5.67,-0.88,-0.14,0.11,0.93,0.13,-0.09,-0.48,6.79,8.54,305.9,*7A
104348,866,,,-7.75,0.56,-7.53,-0.09,0.07,0.96,0.13,-0.1,-0.49,4.29,5.09,304.28,*7A
104406,851,,,-8.73,1.98,0.15,-0.11,0.08,0.98,0.13,-0.1,-0.47,4.72,6.17,303.32,*7A
104463,838,,,-4.65,2.97,-2.5,-0.08,0.09,0.99,,-0.1,-0.47,5.22,4.37,299.41,*7A
104593,882,,,0.13,3.54,-5.6,-0.09,0.11,0.96,0.14,-0.11,-0.48,6.41,5.3,302.43,*7A
104650,860,,,0.64,-1.87,-5.5,-0.08,0.13,0.94,0.14,-0.11,-0.48,7.83,4.74,300.79,*7A
104708,871,,,-3.32,5.65,-0.43,-0.03,0.11,1.01,0.14,-0.1,-0.48,6.05,1.67,303.42,*7A
104764,862,,,-1.29,4,4.57,-0.07,0.09,0.96,0.14,-0.1,-0.48,5.18,4.32,304.82,*7A
104821,863,GPGGA,190720,-2.81,0.51,-1.24,-0.1,0.08,0.96,0.15,-0.11,-0.48,5.01,5.97,305.7,*7A
104879,851,,,-2.11,-3.33,-7.83,-0.08,0.09,0.94,0.14,-0.11,-0.49,5.38,4.94,300.14,*7A
104936,873,,,-2.7,3.77,-6.91,-0.08,0.1,0.97,0.14,-0.11,-0.49,5.76,4.5,298.36,*7A
104993,863,,,3.19,-0.46,1.29,-0.05,0.12,0.96,0.14,-0.11,-0.48,6.88,2.99,300.48,*7A
105051,878,,,-0.11,2.14,5.04,-0.08,0.09,0.94,0.14,-0.11,-0.48,5.48,4.54,298.92,*7A
105107,864,,,-1.25,-2.02,3.83,-0.06,0.07,0.92,0.14,-0.11,-0.48,4.46,3.47,299.07,*7A
105164,859,,,-5.42,-1.4,3.89,-0.07,0.08,0.93,0.13,-0.11,-0.49,4.92,4.14,299.88,*7A
105222,859,,,-2.76,-0.47,0.47,-0.07,0.1,0.96,0.13,-0.11,-0.49,6.15,4.26,297.72,*7A
105278,852,,,0.89,3.12,6.91,-0.1,0.15,0.97,0.13,-0.11,-0.49,8.86,5.72,294.63,*7A
105335,850,,,-3.87,-1.99,8,-0.1,0.15,0.97,0.13,-0.11,-0.48,8.6,5.91,297.24,*7A
105393,856,,,-1.82,2.16,6.21,-0.11,0.06,0.94,0.13,-0.11,0,3.64,6.72,297.18,*7A
105495,846,,,-7.11,0.67,5.46,-0.06,0.09,0.98,0.13,-0.11,-0.47,5.14,3.46,293.93,*7A
105611,852,,,-0.18,1.95,9.82,-0.05,0.09,0.97,0.12,-0.11,-0.47,5.28,3.16,294.13,*7A
105668,860,,,-0.03,4.51,7.8,-0.09,0.09,0.97,0.13,-0.1,-0.47,5.17,5.43,300.96,*7A
105725,856,,,-2.48,-1.72,5.93,-0.06,0.08,0.91,0.12,-0.1,-0.47,5.29,3.58,298.04,*7A
105782,870,,,-5.78,4.06,9,-0.12,0.12,0.93,0.13,-0.11,-0.47,7.35,7.01,296.67,*7A
105839,882,GPGGA,190721.*0,-1.89,2.39,9.9,-0.09,0.14,0.99,0.13,-0.1,-0.47,7.99,4.96,299.03,*7A
105896,871,,,-0.45,5.74,10.09,-0.11,0.14,0.97,0.12,-0.1,-0.47,8.07,6.2,301.57,*7A
105954,867,,,-0.55,-0.59,11.77,-0.09,0.12,0.95,0.12,-0.1,-0.47,7.37,5.19,300.39,*7A
106011,864,,,-2.24,-0.25,6.44,-0.08,0.12,0.96,0.12,-0.1,-0.47,7.43,4.82,298.63,*7A
106068,846,,,-1.4,-0.67,-0.46,-0.1,0.11,0.96,0.12,-0.1,-0.47,6.47,5.71,297.2,*7A
106125,879,,,-0.14,0.11,-0.2,-0.11,0.09,0.97,0.11,-0.1,-0.46,5.26,6.23,293.67,*7A
106182,856,,,-1.46,-0.22,2.7,-0.11,0.1,0.96,0.11,-0.09,-0.46,6.2,6.22,296.03,*7A
106240,865,,,0.85,0.88,3.7,-0.14,0.11,0.98,0.11,-0.1,-0.47,6.4,8.33,294.65,*7A
106296,849,,,2.36,-1.48,-1.92,-0.09,0.11,0.95,0.11,-0.09,-0.46,6.46,5.3,296.65,*7A
106353,889,,,2.38,2.58,-9.56,-0.1,0.1,0.97,0.11,-0.09,-0.46,5.74,5.95,299.09,*7A
106411,849,,,3.79,-3.18,-1.86,-0.07,0.09,0.95,0.11,-0.09,-0.46,5.36,4.41,295.73,*7A
106541,884,,,-2.21,0.38,-4.48,-0.1,0.09,0.91,0.11,-0.1,-0.47,5.81,6.46,291.36,*7A
106665,881,,,1.79,4.15,-5.92,-0.1,0.09,0.95,0.11,-0.1,-0.47,5.11,5.71,290.56,*7A
106723,846,,,0.45,6.99,-7.74,-0.13,0.09,0.97,0.11,-0.1,-0.46,5.46,7.71,292.13,*7A
106779,846,,,-2.41,1.94,-2.49,-0.08,0.06,0.99,0.12,-0.1,-0.46,3.76,4.54,294.3,*7A
106836,851,GPGGA,1907227,-1.06,6.04,-11.71,-0.13,0.09,0.99,0.11,-0.1,-0.47,5.31,7.48,290.45,*7A
106894,851,,,2.83,-1.06,-1,-0.02,0.09,0.94,0.11,-0.1,-0.46,5.51,0.92,292.46,*7A
106951,,,,-2.21,5.48,-4.68,-0.12,0.11,0.96,0.11,-0.11,-0.46,6.28,7,289.62,*7A
107009,868,,,2.12,-1.36,-2.21,-0.06,0.06,0.93,0.11,-0.11,-0.47,3.72,3.61,289.36,*7A
107066,833,,,-1.45,1.94,-6.75,-0.08,0.12,0.95,0.11,-0.1,-0.47,7.31,4.96,289.51,*7A
107122,854,,,3.5,-0.35,-12.04,-0.09,0.11,0.99,0.11,-0.11,-0.47,6.48,5.22,285.32,*7A
107180,852,,,2.44,0.82,-6.61,-0.05,0.1,0.98,0.11,-0.11,-0.47,6.09,2.83,285.52,*7A
107237,860,,,3.17,-10.38,-6.5,-0.08,0.1,0.97,0.11,-0.11,-0.47,5.6,4.96,288.84,*7A
107293,866,,,1.7,-2.25,-5.84,-0.06,0.09,0.95,0.11,-0.1,-0.47,5.39,3.58,291.29,*7A
107351,833,,,2.74,3.07,-8.07,-0.07,0.1,0.98,0.11,-0.11,-0.47,6.07,3.82,286.14,*7A
107408,856,,,1.92,0.35,-5.24,-0.07,0.06,0.93,0.11,0,-0.47,3.84,4.01,286.22,*7A
107538,870,,,0.89,2.37,-1.66,-0.05,0.04,0.95,0.12,-0.11,-0.48,2.29,2.95,290.66,*7A
107616,859,,,0.21,0.72,-1.19,-0.05,0.05,0.97,0.11,-0.11,-0.48,2.91,2.67,286.39,*7A
107673,870,,,1.77,-3.84,-0.03,-0.05,0.03,0.96,0.11,-0.11,-0.47,1.72,2.97,286.73,*7A
107730,868,,,-0.67,-0.5,7.4,-0.06,0.03,0.95,0.11,-0.11,-0.48,1.52,3.61,289.38,*7A
107787,852,,,-3.68,-1.32,5.92,-0.07,0.03,0.98,0.11,-0.1,-0.47,1.66,4.34,288.97,*7A
107844,848,GPGGA,190723,-3.4,0.2,8.24,-0.05,0.01,0.97,0.1,-0.11,-0.47,0.46,2.73,286.4,*7A
107901,856,,,-1.61,0.58,11.17,-0.08,0.02,0.94,0.1,-0.11,-0.48,1.26,4.92,283.86,*7A
107959,838,,,-0.16,6.96,12.51,-0.05,0.09,0.99,0.1,-0.1,-0.47,5.15,2.68,288.17,*7A
108016,827,,,-0.62,5.19,13.83,-0.06,0.04,0.98,0.1,-0.1,-0.48,2.07,3.79,285.62,*7A
108073,857,,,-3.57,-5.02,8.78,-0.05,0.06,0.95,0.1,-0.1,-0.47,3.6,3.26,284.75,*7A
108130,858,,,-5.22,-6.27,-0.17,-0.08,0.06,0.94,0.09,-0.1,-0.48,3.93,4.7,283.7,*7A
108187,885,,,-3.47,0.43,8.51,-0.07,0.07,0.95,0.09,-0.1,-0.48,4.03,4.35,279.98,*7A
108243,860,,,-3.28,2.81,15.18,-0.07,0.06,0.97,0.09,-0.1,-0.47,3.72,4.02,283.04,*7A
108301,835,,,-2.91,5.09,17.38,-0.08,0.07,0.99,0.1,-0.09,-0.48,4.11,4.4,288.26,*7A
108358,857,,,-2.21,-1.16,11.36,-0.07,0.05,0.96,0.09,-0.1,-0.48,2.84,4.44,284.96,*7A
108416,880,,,-2.26,2.3,12.28,-0.07,0.05,0.96,0.08,-0.09,-0.48,3.75,3.86,281.76,*7A
108546,858,,,5.13,0.92,15.72,-0.1,0.11,0.95,0.08,-0.09,-0.48,6.39,5.95,281.73,*7A
108625,859,GPGGA,1907,4.13,-0.54,7.74,-0.09,0.12,0.97,0.08,-0.08,-0.48,7.17,5.44,286.86,*7A
108682,861,,,1.37,1.58,4.8,-0.09,0.11,0.95,0.08,-0.08,-0.49,6.48,5.14,282.75,*7A
108739,884,,,-3.49,-1.09,9.95,-0.1,0.07,0.96,0.07,-0.08,-0.48,4.34,5.85,281.66,*7A
108796,877,,,-1.37,5.48,8.91,-0.11,0.04,0.95,0.07,-0.08,-0.49,2.43,6.64,283.54,*7A
108853,880,,,3.48,7.26,10.25,-0.07,0.06,0.95,0.07,-0.08,-0.49,3.63,4.26,281.66,*7A
108910,870,,,0.82,5.36,13.84,-0.09,0.04,0.97,0.07,-0.07,-0.49,2.42,5.52,288.61,*7A
108967,884,,,-2.56,-1.17,11.2,-0.09,0.03,0.96,0.07,-0.06,-0.5,1.89,5.56,295.22,*7A
109025,868,,,0.28,-2.3,1.12,-0.09,0.03,0.97,0.07,-0.06,-0.5,1.84,5.43,294.77,*7A
109081,877,,,3.69,0.25,-1.15,-0.06,0.02,0.96,0.07,-0.06,-0.5,1.15,3.5,295.09,*7A
109138,889,,,2.19,0.21,-1.71,-0.06,0.02,0.99,0.07,-0.06,-0.5,1.37,3.58,299.36,*7A
109195,856,,,-0.66,-0.88,5.54,-0.07,0.01,0.95,0.07,-0.06,-0.49,0.83,4.07,297.09,*7A
109252,868,,,-2.84,1.3,0.13,-0.11,0,0.95,0.07,-0.06,-0.5,0.28,6.57,299.43,*7A
109309,884,,,-1.55,2.37,1.92,-0.09,0.02,0.97,0.07,-0.06,-0.51,1.16,5.47,298.11,*7A
109366,895,,,1,2.37,1.92,-0.1,0.01,0.96,0.07,-0.06,-0.51,0.86,5.99,297.91,*7A
109366,875,,,-1.15,2.99,5.25,-0.08,0.01,0.97,0.08,-0.05,-0.52,0.55,4.49,312.04,*7A
109553,868,,,-3.25,8.09,0.25,-0.05,0.08,1.02,0.08,-0.06,-0.53,4.24,2.99,307.38,*7A
109618,867,GPGGA,190725.02,-0.88,-3.95,4.8,-0.02,0.02,0.95,0.09,-0.05,-0.53,0.99,1.44,314.87,*7A
109676,886,,,-4.58,-2.27,-1.2,-0.05,0.04,0.93,0.09,-0.05,-0.53,2.71,3.3,316.34,*7A
109733,888,,,-0.95,-2.44,-7.35,-0.05,0.05,0.96,0.09,-0.05,-0.54,3,3.04,315.84,*7A
10979,869,,,-0.27,-0.12,-2.63,-0.05,0.06,0.97,0.08,-0.05,-0.52,3.41,3.08,309.83,*7A
109847,875,,,-0.6,-2.84,-2,-0.05,0.06,0.98,0.08,-0.06,-0.53,3.25,3.16,309.33,*7A
109903,890,,,-2,-1.37,-0.6,-0.06,0.06,0.99,0.08,-0.05,-0.53,3.46,3.74,309.55,*7A
109961,866,,,-1.09,-4.57,0.9,-0.05,0.04,0.95,0.08,-0.06,-0.53,2.27,3.02,307.61,*7A
110018,884,,,-5.36,2.33,1.78,-0.03,0.03,1.01,0.08,-0.05,-0.54,1.54,1.67,308.86,*7A
110074,873,,,-1.61,0.77,9.02,-0.01,0.02,0.99,0.08,-0.05,-0.54,0.97,0.64,313.42,*7A
110132,854,,,-0.89,1.48,14.12,-0.04,0.04,0.96,0.08,-0.05,-0.53,2.31,2.57,314.1,*7A
110189,880,,,0.3,5.05,4.59,-0.09,0.05,0.98,0.08,-0.05,-0.54,2.65,5.25,316.32,*7A
110245,906,,,1.16,2.93,-0.67,-0.05,0.05,0.98,0.08,-0.04,-0.54,3.21,2.84,320.51,*7A
110303,893,,,0.14,0.1,-3.53,-0.1,0.05,0.96,0.08,-0.05,-0.54,2.95,5.79,319.02,*7A
110360,880,,,-0.97,0.67,1.85,-0.06,0.04,0.99,0.09,-0.04,-0.54,2.03,3.45,327.81,*7A
110417,866,,,2.79,9.06,10.96,-0.07,0.03,0.94,0.09,-0.04,-0.54,1.79,3.95,329.35,*7A
110547,8,,,-4.07,-4.73,0.75,-0.04,0,0.95,0.09,-0.03,-0.54,-0.1,2.4,332.68,*7A
110626,897,GPGGA,190726.7,-0.24,-2.21,3.27,-0.04,0.02,0.95,0.09,-0.03,-0.54,1.17,2.39,339,*7A
110868,887,,,-3.23,-1.37,2.46,-0.07,0.03,0.99,0.08,-0.03,-0.54,1.68,4.13,343.9,*7A
110925,862,,,-1.54,-3.58,-0.07,-0.02,0,1.04,0.09,-0.02,-0.54,-0.26,1.33,350.8,*7A
110982,880,,,2.21,-7.06,3.19,-0.07,0,0.96,0.09,-0.02,-0.54,0.1,4.1,349.44,*7A
111039,890,,,2.47,-0.09,-2.32,-0.1,0.02,0.95,0.08,-0.01,-0.54,1.1,5.84,-357.69,*7A
111096,862,,,0.97,-4.41,4.01,-0.07,0.02,0.93,0.08,-0.01,-0.54,0.95,4.28,-352.98,*7A
111153,896,,,-4.25,1.12,6.05,-0.07,0.03,0.96,0.08,-0.01,-0.53,1.89,4.21,-358.8,*7A
111210,883,,,-2.19,-1.78,3.82,-0.09,0.05,0.95,0.08,-0.01,-0.54,2.95,5.67,-351.02,*7A
111267,899,,,-1.91,0.12,6,-0.08,0.04,0.95,0.08,-0.01,-0.54,2.17,4.94,-351.56,*7A
111324,880,,,-2.75,0.49,5.15,-0.11,0.06,0.97,0.08,0,-0.54,3.63,6.24,-349.03,*7A
111381,883,,,-3.75,-0.05,11.26,-0.1,0.05,0.97,0.09,0,-0.54,3.1,5.64,-338.12,*7A
111438,857,,,-1.74,0.45,9.67,-0.13,0.04,0.97,0.09,0,-0.54,2.16,7.45,-343.02,*7A
111495,895,,,-1.42,-1.78,13.65,-0.09,0.04,0.97,0.09,0,-0.54,2.49,5.28,-336.91,*7A
111552,908,,,-2.49,1.07,5.29,-0.13,0.04,0.98,0.08,0,-0.54,2.22,7.29,-336.44,*7A
111609,875,GPGGA,190727,-2.83,-5.78,7.98,-0.1,0.01,0.95,0.09,0.01,-0.54,0.51,5.87,-331.22,*7A
111668,896,,,-2.42,4.74,6.79,-0.1,0.04,1,0.09,0.01,-0.55,2.45,5.91,-328.64,*7A
111797,885,,,4.14,3.64,0.67,-0.11,0.02,0.94,0.08,0.02,-0.54,0.93,6.39,-316.32,*7A
111854,898,,,2.11,-5.24,-0.88,-0.12,0,0.98,0.08,0.02,-0.54,0.18,7.04,-320.66,*7A
111910,881,,,2.62,-3.1,-2.49,-0.11,0.02,0.97,0.09,0.02,-0.54,0.91,6.4,-319.46,*7A
111968,912,,,2.6,-0.38,1.36,-0.12,0.01,0.95,0.08,0.02,-0.54,0.44,6.97,-313.19,*7A
112025,890,,,0.96,0.3,1.25,-0.14,0,0.94,0.08,0.02,-0.54,-0.26,8.43,-313.5,*7A
112081,884,,,-0.17,1.54,-2,-0.14,0,0.95,0.09,0.02,-0.54,-0.09,8.5,-313.38,*7A
112139,880,,,-1.14,1.59,-3.65,-0.14,0.01,0.96,0.09,0.02,-0.54,0.81,8.18,-313.69,*7A
112196,878,,,-1.58,3.7,-0.82,-0.1,0.01,0.96,0.09,0.02,-0.54,0.72,5.87,-318.99,*7A
112252,921,,,-2.47,5.25,1.68,-0.1,0.01,0.96,0.09,0.02,-0.54,0.37,5.75,-314.01,*7A
112310,893,,,-,5.25,1.68,-0.11,0.08,1.01,0.1,0.02,-0.53,4.72,6.12,-317.38,*7A
11,906,,,-0.55,6.5,-4.65,-0.09,0.04,0.98,0.1,0.02,-0.54,2.08,5.22,-323.69,*7A
112423,918,,,-5.5,-2.24,2.64,-0.09,0,0.93,0.1,0.02,-0.54,0.1,5.82,-321.39,*7A
112481,899,,,-4.91,2.1,1.16,-0.12,0.02,0.95,0.1,0.02,-0.54,1.5,7,-325.2,*7A
112538,894,,,-0.04,3.36,-0.84,-0.1,0.03,0.96,0.11,0.02,-0.55,1.54,6,-324.21,*7A
112594,893,GPGGA,190728,-1.24,5.08,-5.43,-0.1,0.07,0.98,0.1,0.02,-0.54,3.84,5.64,-320.4,*7A
112654,892,,,0,5.08,-5.43,-0.05,0.05,0.93,0.11,0.02,-0.53,3.21,2.79,-326.66,*7A
112784,861,,,-3.55,1.72,-8.81,-0.09,0.04,0.99,0.11,0.01,-0.54,2.45,5.38,-328.76,*7A
112841,898,,,-2.92,-0.6,-8.02,-0.08,0.03,0.98,0.12,0.01,-0.55,1.57,4.93,-333.81,*7A
112898,907,,,0.87,-1.23,3.58,-0.06,0.04,0.96,0.11,0.01,-0.54,2.29,3.4,-331.07,*7A
112955,89,,,-0.28,7.51,1.1,-0.08,0.04,0.99,0.11,0.01,-0.55,2.53,4.5,-331.21,*7A
113012,894,,,-1.09,1.98,3.57,-0.06,-0.01,0.97,0.12,0.01,-0.54,-0.6,3.5,-335.96,*7A
113069,891,,,-5.64,-1.41,0.24,-0.09,0.01,0.95,0.12,0.01,-0.55,0.58,5.42,-336.24,*7A
113126,916,,,-1.6,-3.22,6.76,-0.06,0.02,0.95,0.11,0,-0.54,1.16,3.33,-339.19,*7A
113183,908,,,-2.73,5.95,6.48,-0.09,0.02,0.96,0.11,0.01,-0.54,1.25,5.23,-331.73,*7A
113240,882,,,-2.59,-0.17,10.88,-0.05,0.01,0.94,0.12,0.01,-0.54,0.74,2.76,-333.91,*7A
113297,875,,,-4.82,1.66,4.64,-0.08,0.02,0.94,0.12,0.01,-0.54,1.17,4.88,-336.64,*7A
113354,862,,,-2.36,0.29,-2.63,-0.07,0.03,0.96,0.12,0.01,-0.54,2.08,4,-332.4,*7A
113411,867,,,-4,0.62,7.17,-0.03,0.04,0.99,0.12,0.01,-0.54,2.23,1.9,-332.09,*7A
113468,871,,,-3.12,3.3,11.85,-0.05,0.04,0.99,0.13,0.01,-0.54,2.35,3,-333.51,*7A
113525,876,GPGGA,190729.*,-4.04,3.12,9.46,-0.06,0.04,0.99,0.13,0.01,-0.54,2.23,3.62,-335.2,*7A
113583,917,,,-2.11,-1.76,-0.48,-0.1,0.03,0.97,0.13,0.01,-0.54,1.55,5.99,-331.09,*7A
113640,891,,,0.61,-3.42,1.47,-0.08,0.05,0.96,0.12,0.01,-0.54,2.77,4.62,-330.66,*7A
113770,857,,,2.42,-3.4,4.26,-0.07,0.06,0.96,0.13,0.02,-0.54,3.8,4.36,-324.91,*7A
113849,888,,,-0.38,-2.95,-0.09,-0.08,0.07,0.97,0.12,0.02,-0.54,3.95,4.9,-322.82,*7A
113906,881,,,1.69,-1.07,4.03,-0.08,0.07,0.97,0.12,0.02,-0.53,4.37,4.46,-323.87,*7A
113963,893,,,4.2,1.56,0.93,-0.11,0.12,0.97,0.13,0.03,-0.53,7.22,6.26,-317.74,*7A
114020,913,,,0.68,-6.51,0.5,-0.08,0.06,0.95,0.12,0.03,-0.53,3.8,4.7,-316.66,*7A
114077,895,,,-3.71,-4.49,1.06,-0.1,0.05,0.94,0.12,0.03,-0.53,3.12,5.96,-317.26,*7A
114134,906,,,-4.68,-3.3,3.09,-0.11,0.03,0.94,0.12,0.03,-0.53,2.06,6.84,-316.4,*7A
114191,851,,,-4.25,2.16,4.17,-0.14,0.04,0.98,0.12,0.03,-0.52,2.18,7.97,-318.43,*7A
114248,850,,,-1.92,-1.11,-1.37,-0.13,0.06,1,0.12,0.02,-0.53,3.27,7.25,-320.76,*7A
114305,854,,,-1.07,-1.04,-1.4,-0.13,0.03,0.94,0.12,0.03,-0.52,1.99,8.03,-318.69,*7A
114362,867,,,-2.79,5.33,5.21,-0.1,0.05,0.96,0.12,0.03,-0.53,3.03,5.72,-313.84,*7A
114362,881,,,-0.29,0.41,9.44,-0.12,0.04,0.95,0.12,0.03,-0.52,2.44,6.96,-316.33,*7A
114476,912,,,0.1,,9.44,-0.13,0.02,0.99,0.12,0.03,-0.52,1.37,7.23,-315.34,*7A
114533,912,,,2.54,-8.09,-17.02,-0.13,0.01,0.95,0.12,0.02,-0.52,0.49,7.9,-319.65,*7A
114590,876,GPGGA,190730,2.91,-1.46,-8.46,-0.13,0.02,0.97,0.11,0.03,-0.52,0.92,7.55,-315.87,*7A
114649,869,,,1.2,-4.6,-0.11,-0.14,0,0.94,0.11,0.03,-0.52,0.92,8.44,-312.89,*7A
114779,920,,,-3.14,0.84,-2.28,-0.13,0.01,0.94,0.11,0.03,-0.52,0.71,7.94,-316.19,*7A
114842,907,,,-7.74,11.44,-0.22,-0.13,0.05,0.94,0.11,0.03,-0.52,2.79,8.06,-314.53,*7A
114899,907,,,-5.39,5.31,-1.69,-0.12,0.04,0.96,0.12,0.02,-0.52,2.27,7.41,-324.7,*7A
11495,892,,,-4.35,5.47,-5.86,-0.13,0.06,0.97,0.12,0.02,-0.53,3.63,7.44,-325.13,*7A
115013,883,,,-2.91,4.56,-8.88,-0.11,0.05,0.97,0.12,0.02,-0.53,3.08,6.54,-326.3,*7A
115070,890,,,-1.4,2.83,-1.96,-0.09,0.06,0.97,0.12,0.02,-0.53,3.71,5.16,-323.03,*7A
115127,887,,,-2.61,4.19,0.82,-0.08,0.06,0.98,0.12,0.01,-0.53,3.72,4.55,-329.99,*7A
115184,877,,,-3.58,6.78,11.52,-0.08,0.05,0.97,0.13,0.01,-0.53,3.04,4.67,-331.13,*7A
115241,914,,,-5.77,8.61,3.82,-0.12,0.07,0.99,0.13,0.02,-0.53,3.83,7.01,-327.38,*7A
115298,883,,,-2.04,6.25,2.61,-0.1,0.07,0.95,0.14,0.01,-0.53,4.29,5.71,-330.88,*7A
115355,900,,,-0.25,7.02,-3.07,-0.08,0.06,0.98,0.14,0.01,-0.53,3.3,4.75,-335.1,*7A
115412,887,,,3.58,2.8,-4.37,-0.06,0.06,0.97,0.14,0.01,-0.53,3.66,3.29,-333.08,*7A
115469,896,,,1.6,4.84,-6.63,-0.05,0.07,0.95,0.14,0.02,-0.53,4.12,3.31,-329.53,*7A
115526,880,,,4.54,9.92,-1.36,-0.07,0.1,0.93,0.15,0.01,-0.53,5.91,4.22,-331.43,*7A
115584,866,,,0.73,3.52,-2.55,-0.04,0.06,0.99,0.14,0.02,-0.54,3.46,2.55,-329.99,*7A
115640,900,GPGGA,190731,1,3.52,-2.55,-0.02,0.06,0.96,0.15,0.02,-0.55,3.78,1.23,-331.03,*7A
115776,900,,,3.76,9.16,5.34,-0.01,0.05,0.94,0.16,0.02,-0.55,2.83,0.71,-325.96,*7A
115885,900,,,-6.68,1.46,2.6,0,0.02,0.92,0.16,0.02,-0.55,1.35,0.25,-327.72,*7A
115941,908,,,-8.48,3.02,-5.08,-0.03,0.06,0.93,0.16,0.02,-0.55,3.71,1.96,-328.71,*7A
115998,874,,,-4.89,0.26,3.51,0.01,0.05,0.98,0.17,0.01,-0.56,3.09,-0.69,-334.55,*7A
116056,888,,,-5.53,-2.63,10.54,0,0.04,0.95,0.17,0.01,-0.56,2.55,0.26,-337.8,*7A
116112,883,,,-4.52,-4.37,14.02,-0.01,0.04,0.95,0.16,0.01,-0.57,2.52,0.62,-336.02,*7A
116169,882,,,-4.84,-7.37,13.18,-0.01,0.01,0.94,0.17,0,-0.58,0.34,0.31,-342.65,*7A
116227,853,,,-8.87,-5.73,9.62,-0.03,0.02,0.95,0.17,-0.01,-0.58,1.06,2.1,-348.4,*7A
116283,878,,,-6.61,-6.61,12.42,-0.02,0.03,0.98,0.17,-0.01,-0.6,1.86,0.97,-352.52,*7A
116340,875,,,-7.83,-3.54,8.58,-0.06,0.04,1.02,0.16,-0.02,-0.61,2.23,3.27,-355,*7A
116398,,,,-2.51,-8.09,7.74,-0.05,0.05,0.99,0.16,-0.04,-0.63,2.74,2.65,351.7,*7A
116455,868,,,1.21,-3.62,11.65,-0.06,0.07,0.98,,-0.04,-0.63,4.05,3.3,333,*7A
116585,876,,,5.96,-2.82,10.84,-0.06,0.07,0.97,0.16,-0.07,-0.69,4.12,3.41,331.18,*7A
116585,864,,,3.54,-5.47,9.7,-0.08,0.09,0.96,0.17,,-0.69,5.29,4.51,324.41,*7A
116773,875,,,2.84,-3.03,-6.65,-0.08,0.08,0.92,0.17,-0.09,-0.74,4.88,4.92,320.58,*7A
,857,GPGGA,190732.3P,0.52,1.39,-7.45,-0.08,0.07,0.95,0.17,-0.1,-0.73,4.46,5.03,317,*7A
116899,,,,-0.31,-1.23,-6.34,-0.12,0.05,0.96,0.17,-0.11,-0.74,2.86,7.09,310.8,*7A
116957,880,,,-4.8,2.86,-6.86,-0.09,0.07,0.99,0.17,-0.12,-0.75,3.87,5.29,308.6,*7A
117013,,,,-3.78,-8.68,-16.39,-0.17,0.1,0.89,0.17,-0.14,-0.75,6.62,11.04,300.85,*7A
117070,859,,,-0.38,-3.82,-2.81,-0.09,0.03,0.95,0.17,-0.15,-0.75,1.6,5.5,295.62,*7A
117128,880,,,3.68,1.78,3.17,-0.08,0.06,0.94,0.18,-0.16,-0.76,3.74,4.65,293.42,*7A
117184,885,,,5.26,7.77,-7.28,-0.13,0.05,0.96,0.18,-0.16,-0.75,3.01,7.45,292.02,*7A
117241,880,,,2.96,-1.78,-10.37,-0.15,0.06,1.01,0.18,-0.16,-0.76,3.24,8.56,294.67,*7A
117299,869,,,1.78,-7.66,-2.39,-0.09,0.05,1,0.19,-0.16,-0.75,2.96,5.09,297.86,*7A
117356,892,,,1.74,-2.03,-5.5,-0.12,0.03,0.93,0.19,-0.16,-0.75,1.84,7.31,297.27,*7A
117412,871,,,-1.56,3.69,-3.07,-0.1,0.02,0.97,0.19,-0.16,-0.74,1.26,6.1,296.62,*7A
117470,888,,,-3.92,0.95,-4.74,-0.13,0.02,0.95,0.19,-0.16,-0.74,1.23,7.95,296.16,*7A
117527,907,,,-0.22,0.15,-8.02,-0.09,0.04,0.97,0.18,-0.16,-0.75,2.64,5.11,293.88,*7A
117583,895,,,-0.22,0.15,-8.02,-0.11,0.04,0.97,0.18,-0.17,-0.75,2.31,6.27,291.74,*7A
117641,907,,,-2.42,2.41,-6.04,-0.14,0.01,0.99,0.18,-0.16,-0.75,0.61,7.78,294.99,*7A
117774,902,,,-0.37,-1.45,-10.68,-0.14,0.06,0.97,0.18,-0.17,-0.75,3.63,8.22,290.59,*7A
117842,893,,,-0.2,2.9,-14.46,-0.11,0.08,0.94,0.17,-0.17,-0.76,5.05,6.36,288.51,*7A
117899,882,GPGGA,190733.3,-3.59,-1.43,-22.59,-0.13,0.07,0.95,0.17,-0.18,-0.76,4.37,7.53,284.87,*7A
117957,841,,,-5.52,-0.53,-14.87,-0.11,0.05,0.96,0.18,-0.19,-0.76,2.83,6.83,283.54,*7A
1180,907,,,-3.2,4.18,-3.55,-0.1,0.07,0.96,0.18,-0.19,-0.76,4.34,5.63,284.37,*7A
118072,893,,,-2.66,4.23,1.15,-0.09,0.07,0.96,0.18,-0.19,-0.76,4.25,5.56,283.61,*7A
118128,870,,,-2.98,2.33,-9.05,-0.05,0.06,0.97,0.18,-0.19,-0.76,3.35,2.86,282.82,*7A
118185,888,,,-4.24,-2.78,-9.77,-0.07,0.06,0.96,0.18,-0.2,-0.76,3.65,4.13,281.43,*7A
118243,902,,,,-2.78,-9.77,-0.06,0.05,0.97,0.18,-0.2,-0.76,2.96,3.57,280.33,*7A
118299,889,,,-0.54,1.22,-5.72,-0.06,0.07,0.97,0.17,-0.2,-0.76,4.19,3.59,279.25,*7A
118356,869,,,-0.57,2.28,-4.17,-0.08,0.05,0.97,0.17,-0.2,-0.77,2.93,4.54,280.06,*7A
118414,878,,,1.01,1.55,-1.44,-0.06,0.06,0.95,0.17,-0.2,-0.76,3.62,3.87,277.97,*7A
118470,886,,,-0.74,2.18,-3.56,-0.07,0.05,0.96,0.17,-0.2,-0.77,2.98,4.42,280.08,*7A
118528,899,,,0.54,1.5,-1.7,-0.08,0.08,0.96,0.17,-0.2,-0.76,4.67,4.96,279.8,*7A
118585,855,,,-1.27,1.97,-2.48,-0.07,0.07,0.95,0.17,-0.2,-0.77,4.3,4.12,278.71,*7A
118642,891,,,0.5,-0.88,-1.05,-0.07,0.06,0.95,0.17,-0.2,-0.76,3.67,4.21,278.59,*7A
118773,86,,,-4.03,-0.27,-1.86,-0.05,0.07,0.96,0.17,-0.2,-0.76,4.39,3.16,277.73,*7A
118842,884,GPGGA,190734.7,0.11,0.92,-6.97,-0.06,0.08,1.02,0.17,-0.21,-0.76,4.26,3.54,276.13,*7A
118899,879,,,1.89,-0.31,-0.15,-0.08,0.07,0.94,0.17,-0.21,-0.76,4.1,4.66,276.48,*7A
118957,857,,,2.58,-0.4,5.79,-0.11,0.02,0.9,0.17,-0.21,-0.76,1.33,7.21,275.43,*7A
119014,864,,,10.19,1.1,11.53,-0.13,0.11,0.96,0.16,-0.21,-0.76,6.72,7.58,273.4,*7A
119070,832,,,2.25,4.53,3.61,-0.07,0.04,0.96,0.17,-0.19,-0.76,2.63,4.08,278.66,*7A
119128,873,,,-4.71,2.29,-0.74,-0.09,0,1.02,0.17,-0.2,-0.76,0.03,5.09,278.69,*7A
119185,830,,,-8.62,-1.32,-4.09,-0.12,0.03,0.98,0.17,-0.2,-0.77,1.81,7.04,278.05,*7A
119242,8,,,-2.96,3.26,3.71,-0.09,0.04,0.98,0.17,-0.2,-0.77,2.09,5.14,275.57,*7A
119299,840,,,-0.86,8.44,8.52,-0.11,0.07,0.95,0.17,-0.2,-0.76,4.06,6.6,278.36,*7A
119356,841,,,4.31,7.78,10.14,-0.09,0.02,0.98,0.18,-0.2,-0.76,0.96,5.05,280.94,*7A
119413,807,,,5.46,10.47,-6.43,-0.1,0.04,0.98,0.18,-0.19,-0.77,2.37,5.67,281.83,*7A
119470,831,,,4.98,-1.85,1.33,-0.06,0,0.96,0.18,-0.19,-0.77,-0.1,3.5,282.95,*7A
119527,853,,,-0.11,5.78,-5.92,-0.09,0.05,0.97,0.17,-0.2,-0.76,2.73,5.14,280.28,*7A
119584,,,,5.14,2.37,4.49,-0.02,-0.01,0.98,0.18,-0.19,-0.77,-0.54,1.2,283.44,*7A
119641,811,,,-3.61,12.18,-4.49,-0.09,0.08,0.97,0.18,-0.2,-0.77,4.44,5.24,279.62,*7A
119772,8,,,-7.54,3.21,-13.11,-0.13,0.01,0.94,0.18,-0.22,-0.77,0.83,7.88,274.31,*7A
119885,819,,,5.14,6.76,-3.19,-0.05,-0.01,0.98,0.18,-0.23,-0.78,-0.45,3.21,273.28,*7A
119943,7,GPGGA,190735.3,6.58,5.43,0.27,-0.01,0.03,0.98,0.17,-0.23,-0.78,1.6,0.3,271.49,*7A
120000,803,,,-1.41,4.38,-1.63,-0.05,0.01,0.99,0.17,-0.22,-0.78,0.7,2.83,272.84,*7A
120057,793,,,-3.93,1.43,-3.96,-0.03,0.02,0.96,0.17,-0.23,-0.78,1.18,1.55,270.27,*7A
120115,792,,,-3.6,-2.07,-0.14,-0.03,0,0.98,0.17,-0.23,-0.78,0.1,1.52,271.08,*7A
120171,794,,,-0.44,0.03,1.79,-0.01,0,0.98,0.18,-0.23,-0.77,0.16,0.39,273.27,*7A
120228,784,,,-0.34,-0.22,-3.99,-0.02,-0.01,0.96,0.18,-0.22,-0.79,-0.4,1.24,274.73,*7A
120286,779,,,-1.07,4.25,-4.61,-0.01,0.02,0.96,0.18,-0.23,-0.78,1.03,0.83,274.23,*7A
120342,796,,,0,4.25,-4.61,-0.06,0,0.97,0.18,-0.22,-0.78,-0.24,3.26,275.75,*7A
120399,781,,,-2.87,2.35,-1.44,-0.05,0,0.98,0.18,-0.22,-0.79,-0.06,2.7,275.59,*7A
120457,783,,,-2.63,-4.52,-2.19,-0.03,0.02,0.96,0.19,-0.23,-0.78,0.93,2,276.18,*7A
120514,752,,,-5.56,-3.9,-5.45,-0.03,0,0.99,0.19,-0.22,-0.78,-0.17,1.63,276.4,*7A
120570,779,GPGGA,190,-2.51,-4.05,-6.82,-0.02,0,0.97,0.18,-0.23,-0.78,0.14,0.98,274.74,*7A
,781,,,-3.1,-0.54,1.02,-0.03,0,0.97,0.18,-0.23,-0.79,0.87,2,273.07,*7A
120759,786,,,-5.64,0.25,-4.38,-0.02,0.03,0.94,0.18,,-0.79,1.71,1.21,272.29,*7A
120843,770,,,-2.92,2.14,-2.45,-0.03,0.05,0.96,0.18,-0.23,-0.78,3.02,1.81,272.18,*7A
120900,770,,,-4.93,-2.32,-4.03,-0.04,0.03,0.96,0.18,-0.22,-0.78,1.93,2.17,274.51,*7A
120957,757,,,-9.09,-7.78,4.16,-0.06,0,0.95,0.18,-0.23,-0.78,0.06,3.85,273.55,*7A
121014,712,,,-7.67,-0.61,3.79,-0.06,0.03,0.97,0.17,-0.24,-0.78,1.7,3.74,269.89,*7A
121014,738,,,-0.38,0.79,4.09,-0.04,0.06,0.98,0.18,-0.23,-0.78,3.69,2.1,271.59,*7A
121128,713,,,-2.3,0.79,4.09,-0.06,0.05,0.99,0.18,-0.23,-0.78,2.72,3.45,272.43,*7A
121185,,,,0.69,-2.09,0.12,-0.07,0.04,0.98,0.17,-0.23,-0.77,2.51,3.83,270.36,*7A
121242,736,,,0.2,2.25,-5.52,-0.06,0.05,0.94,0.17,-0.23,-0.78,2.75,3.56,270.91,*7A
121299,707,,,-2.84,-2.94,-1.37,-0.05,0.04,0.96,0.17,-0.23,-0.78,2.24,2.72,269.6,*7A
121356,727,,,-6.15,3.1,-0.72,-0.09,0.05,0.96,0.17,-0.24,-0.79,3.09,5.1,268.54,*7A
121413,725,,,-3.21,-2.4,6.85,-0.05,0.05,0.96,0.17,-0.24,-0.78,2.76,2.83,268.99,*7A
121470,723,,,-4.67,3.47,1.82,-0.07,0.04,0.97,0.17,-0.24,-0.78,2.2,3.9,268.39,*7A
121527,706,,,0.98,-2.49,-1.41,-0.06,0.04,0.96,0.18,-0.24,-0.78,2.55,3.63,269.49,*7A
121584,721,,,-1.76,-0.94,-2.48,-0.06,0.03,0.98,0.18,-0.24,-0.78,1.49,3.68,269.97,*7A
1,686,,,0.68,0.88,0.52,-0.06,0.05,1,0.18,-0.25,-0.78,,3.45,267.98,*7A
121772,705,,,-0.22,0.69,-1.13,-0.09,0.06,0.97,0.17,-0.24,-0.78,3.56,5.07,268.03,*7A
121844,700,GPGGA,190737,-2.85,-1.06,-0.89,-0.05,0.04,0.95,0.17,-0.24,-0.77,2.54,2.75,266.94,*7A
121903,699,,,-2.69,0.96,0.27,-0.07,0.05,0.97,0.17,-0.24,-0.77,3.08,4.07,267.87,*7A
121960,669,,,-2.22,3.44,-0.74,-0.07,0.04,0.95,0.17,-0.24,-0.77,2.31,3.95,268.64,*7A
122016,685,,,0.29,1.09,0.38,-0.08,0.06,0.96,0.18,-0.23,-0.77,3.65,4.57,270.88,*7A
122074,664,,,-0.34,-0.27,1.92,-0.07,0.04,0.96,0.17,-0.24,-0.77,2.15,4.4,269.99,*7A
122131,66,,,0.11,2.03,0.99,-0.06,0.05,0.98,0.18,-0.23,-0.77,2.64,3.71,271.76,*7A
122187,653,,,1.31,1.44,1.92,-0.06,0.04,0.97,0.17,-0.24,-0.78,2.41,3.78,269.44,*7A
122245,664,,,-0.58,1.52,1.99,-0.06,0.07,1.01,0.18,-0.24,-0.77,3.94,3.46,270.4,*7A
122302,658,,,1.57,-2.08,5.39,-0.09,0.03,0.99,0.17,-0.23,-0.77,2.02,5.1,270.15,*7A
122358,66,,,-3.69,0.49,0.88,-0.03,0.04,1,0.18,-0.22,-0.77,2.03,1.8,274.2,*7A
122417,661,,,1.81,-0.03,-8.12,-0.06,0.04,0.94,0.17,-0.23,-0.78,2.47,3.48,,*7A
122549,647,,,-2.17,3.32,6.76,-0.07,0.04,0.93,0.17,-0.23,-0.77,2.6,4.44,269.23,*7A
122635,650,,,-0.43,1.21,1.28,,0.04,0.93,0.17,-0.23,-0.78,4.24,5.1,272.35,*7A
122765,,,,1.52,1.19,-5.42,-0.04,0.04,0.99,0.17,-0.23,-0.78,2.37,2.34,270.75,*7A
122845,622,,,0.43,-2.38,0.86,-0.05,0.05,1.03,0.17,-0.22,-0.78,2.68,2.9,273.07,*7A
122902,619,,,0.4,-1.52,1.38,-0.06,0.04,0.97,0.17,-0.22,-0.78,2.55,3.66,270.85,*7A
122958,629,GPGGA,190738,-3.89,-2.54,0.98,-0.06,0.03,0.97,0.17,-0.22,-0.78,1.7,3.61,270.81,*7A
123017,624,,,-2.21,0.08,-2.7,-0.06,0.03,0.97,0.16,-0.22,-0.78,1.94,3.39,269.3,*7A
123074,612,,,-0.25,-0.81,0.03,-0.06,0.03,0.94,0.17,-0.23,-0.78,1.71,3.88,269.72,*7A
123130,625,,,-2.11,1.3,-1.7,-0.09,0.04,0.93,0.17,-0.22,-0.78,2.56,5.28,270.29,*7A
123188,622,,,-2.6,2.07,-0.66,-0.07,0.04,0.95,0.17,-0.23,-0.78,2.16,4.27,269.71,*7A
123245,610,,,-1.66,1.77,-2.83,-0.06,0.04,0.96,0.17,-0.22,-0.78,2.64,3.8,272.55,*7A
123301,618,,,0.63,0.32,2.69,-0.08,0.05,0.96,0.17,-0.23,-0.78,2.99,4.97,270.51,*7A
123359,613,,,-0.82,0.49,2.2,-0.07,0.02,0.94,0.17,-0.22,-0.78,1.31,4.11,272.05,*7A
123416,590,,,-1.95,0.26,1.16,-0.08,0.04,0.95,0.16,-0.22,-0.78,2.45,4.61,269.14,*7A
123472,599,,,-1.23,-0.56,-1.99,-0.08,0.03,1,0.17,-0.22,-0.78,1.44,4.63,270.92,*7A
123530,592,,,2.44,-2,6.61,-0.05,0.01,0.99,0.17,-0.22,-0.78,0.7,2.79,271.69,*7A
123587,606,,,-0.19,-1.37,-0.95,-0.08,0.03,0.97,0.17,-0.21,-0.78,1.9,4.97,274.39,*7A
123644,580,,,-0.31,5.05,1.81,-0.1,0.04,1,0,-0.21,-0.78,2.48,5.64,273.61,*7A
123776,586,,,-4.06,5.89,-3,-0.07,0.03,0.98,0.17,-0.21,-0.76,1.59,3.91,274.28,*7A
123888,570,,,-2,5.88,-2.7,-0.07,0.02,0.99,0.17,-0.21,-0.76,1.35,3.93,275.62,*7A
123945,578,,,-1.08,0.93,-6.34,-0.08,0.02,0.95,0.16,-0.22,-0.77,1.47,4.91,271.4,*7A
124002,575,GPGGA,190739.01,-0.27,1.58,1.25,-0.07,0.04,0.95,0.16,-0.22,-0.77,2.64,4.03,271.41,*7A
124060,566,,,-1.67,3.16,2.68,-0.08,0.05,0.96,0.17,-0.21,-0.76,3.05,4.94,273.66,*7A
124116,553,,,-3.02,-4.51,3.49,-0.05,0.01,0.95,0.17,-0.21,-0.77,0.82,3.11,274.16,*7A
124174,561,,,-5.3,1.11,2.07,-0.07,0.03,0.94,0.16,-0.21,-0.77,2.11,4.07,272.53,*7A
124231,552,,,-1.44,1.37,0.46,-0.05,0.04,0.95,0.17,-0.21,-0.77,2.17,2.99,273.26,*7A
124288,554,,,-1.77,5.07,2.29,-0.06,0.02,0.95,0.17,-0.22,-0.78,1.46,3.73,274.14,*7A
124345,536,,,1.01,1.28,5.57,-0.03,0.05,0.94,0.17,-0.21,-0.79,2.78,1.9,273.63,*7A
124402,544,,,0.6,0.72,7.46,-0.06,0.03,0.95,0.16,-0.21,-0.78,1.83,3.8,271.39,*7A
124459,546,,,1.17,6.3,-2.96,-0.04,0.08,0.96,0.16,-0.21,-0.8,4.74,2.62,272.07,*7A
124516,538,,,4.33,-2.84,-2.98,-0.07,0.06,0.99,0.16,-0.21,-0.79,3.28,4.03,272.64,*7A
124573,506,,,0.53,3.67,-1.56,-0.06,0.07,0.98,0.16,-0.2,-0.78,3.83,3.62,273.11,*7A
124631,500,,,-0.5,-0.33,3.31,-0.02,0.01,0.98,0.17,-0.2,-0.77,0.34,1.34,277.09,*7A
124762,502,,,-5.3,-1.58,-0.42,-0.05,0.02,1.02,0.16,-0.21,-0.79,1.12,2.54,272.67,*7A
124846,492,,,-0.63,-2.58,1.28,-0.04,0.05,0.99,0.16,-0.21,-0.79,2.63,2.46,272.47,*7A
124903,488,,,0.53,-1.29,-1.21,-0.07,0.04,0.94,0.16,-0.21,-0.79,2.41,4.05,271.69,*7A
124960,493,GPGGA,19074020,-2.77,-4.66,-2.99,-0.06,0.05,0.94,0.17,-0.21,-0.79,2.96,3.34,273.32,*7A
125018,48,,,-1.84,3.24,-0.74,-0.04,0.06,0.99,0.16,-0.22,-0.79,3.17,2.27,270.89,*7A
125075,487,,,2.82,-4.17,4.43,-0.1,0.03,0.93,0.16,-0.21,-0.79,1.81,6.12,272.86,*7A
125131,,,,-3.78,0.2,2.72,-0.05,0,0.95,0.16,-0.22,-0.79,0.11,3.08,269.52,*7A
125189,475,,,0.51,0.04,2.77,-0.06,0.02,0.91,0.16,-0.21,-0.79,1.53,3.9,270.51,*7A
125246,479,,,-1.33,3.22,-2.41,-0.08,0.06,0.97,0.16,-0.21,-0.8,3.68,5.01,270.62,*7A
125302,467,,,-0.51,-3.41,1.29,-0.05,0.05,0.98,0.16,-0.22,-0.79,2.84,2.88,270.83,*7A
125360,473,,,-2.49,0.68,4.51,-0.08,0.06,0.98,0.16,-0.22,-0.79,3.67,4.82,270.72,*7A
125417,452,,,-1.38,-4.73,9.03,-0.05,0.03,1.02,0.16,-0.21,-0.79,1.56,2.63,270.09,*7A
125473,447,,,-3.47,-1.03,7.19,-0.09,0.03,0.94,0.15,-0.22,-0.79,1.8,5.5,266.87,*7A
125531,453,,,1.22,-1.35,-2.37,-0.08,0.03,0.98,0.16,-0.22,-0.78,1.76,4.72,268.21,*7A
125588,452,,,1.91,-1.88,-3.58,-0.05,0.03,0.94,0.16,-0.22,-0.78,1.93,3.06,267.94,*7A
125645,439,,,1.69,-2.21,0.25,-0.06,0.04,0.92,0.15,-0.21,-0.77,2.3,3.95,268.68,*7A
125777,436,,,0.25,0.42,-8.26,-0.07,0.06,0.99,0.16,-0.22,-0.77,3.74,4,268.21,*7A
125847,424,,,-4.64,0.94,-4.89,-0.08,0.03,1.02,0.16,-0.23,-0.77,1.89,4.75,267.32,*7A
125904,416,,,,0.94,-4.89,-0.08,0.04,0.97,0.16,-0.24,-0.76,2.17,4.97,264.56,*7A
125962,405,GPGGA,190741,-3.51,9,-0.46,-0.07,0.02,0.95,0.16,-0.24,-0.76,1.29,4.36,262.08,*7A
126019,416,,,-5.32,-4.18,1.68,-0.06,0.03,0.98,0.15,-0.25,-0.76,1.81,3.79,261.42,*7A
126076,406,,,-1.6,6.47,0.14,-0.07,0,0.95,0.15,-0.25,-0.76,0.04,4.15,260.31,*7A
126134,397,,,-0.97,-1.89,-2.8,-0.06,0.04,0.94,0.16,-0.24,-0.77,2.44,3.48,263.16,*7A
126190,381,,,-0.53,3.55,-3.19,-0.12,0.06,0.97,0.15,-0.24,-0.76,3.56,7.03,261.57,*7A
126247,398,,,1.41,-3.9,2.51,-0.06,0.06,1,0.16,-0.24,-0.76,3.56,3.71,263.96,*7A
126305,391,,,0.89,0.42,11.76,-0.08,0.05,0.96,0.15,-0.24,-0.76,3.26,4.64,262.7,*7A
126361,383,,,0.28,-0.37,8.6,-0.08,0.04,0.94,0.16,-0.23,-0.76,2.3,4.91,266.85,*7A
126418,376,,,-2.46,2.2,-3.2,-0.07,0.04,0.96,0.15,-0.22,-0.76,2.48,3.89,264.38,*7A
126476,38,,,-4.17,-5.77,-7.83,-0.12,0.02,0.98,0.16,-0.22,-0.76,1.32,6.88,267.65,*7A
126532,363,,,0.57,-2.64,0.04,-0.09,0.04,0.97,0.15,-0.23,-0.77,2.21,5.07,263.98,*7A
126589,363,,,1.97,0.91,2.95,-0.1,0.05,0.96,0.15,-0.23,-0.77,3.06,5.81,264.51,*7A
126647,361,,,1.12,1.29,7.26,-0.07,0,0.98,0.15,-0.22,-0.77,0.07,4.31,264.16,*7A
126779,357,,,0.03,0.45,-2.49,-0.09,0.04,0.97,0.15,-0.22,-0.77,2.59,5.23,264.94,*7A
126848,340,GPGGA,190,3.36,-0.87,3.15,-0.05,0.02,0.98,0.15,-0.22,-0.76,1.45,2.87,264.97,*7A
126906,347,,,0.55,-1.82,4.83,-0.11,0.04,0.99,0.15,-0.22,-0.76,2.1,6.08,265.93,*7A
126962,342,,,0.67,-3.96,9.89,-0.06,-0.01,0.96,0.15,-0.21,-0.75,-0.65,3.52,269.51,*7A
127020,344,,,-2.95,2,0.05,-0.08,0.01,0.98,0.15,-0.21,-0.74,0.34,4.88,269.85,*7A
127077,337,,,-3.46,-0.84,-3.38,-0.08,0,0.98,0.15,-0.21,-0.74,0.08,4.49,268.51,*7A
127133,336,,,-0.31,-2.38,-5.73,-0.07,0.03,0.94,0.15,-0.22,-0.73,2,4.54,266.04,*7A
127191,333,,,-1.15,3.26,-4.49,-0.07,0.04,0.99,0.15,-0.22,-0.74,2.59,4.29,265.84,*7A
127248,330,,,-2.79,-3.59,-6.69,-0.09,0.01,0.98,0.15,-0.22,-0.75,0.32,4.98,266.31,*7A
127304,329,,,-0.63,-0.98,-3.26,-0.14,0.05,0.96,0.14,-0.23,-0.75,2.77,8.45,261.33,*7A
127362,333,,,-1.65,2,1.94,-0.09,0.01,0.97,0.14,-0.22,-0.75,0.49,5.45,262.76,*7A
127419,328,,,2.29,-1.51,5.39,-0.09,0.02,0.94,0.14,-0.22,-0.76,1.03,5.71,261.5,*7A
127475,318,,,2.89,5.07,3.92,-0.14,0.04,0.98,0.14,-0.21,-0.76,2.05,8.21,263.41,*7A
127533,320,,,1.79,1.86,1.61,-0.07,0.01,0.92,0.14,-0.21,-0.75,0.84,4.17,263.75,*7A
127590,3,,,-2.2,-1,0.74,-0.11,0.04,0.97,0.14,-0.2,-0.76,2.24,6.44,265.12,*7A
127646,309,,,-1.67,-0.62,2,-0.12,0.04,0.95,0.13,-0.2,-0.75,2.62,7.25,262.62,*7A
127779,301,,,2,3.25,-6.76,-0.09,-0.02,1,0.13,-0.21,-0.76,-1.14,5.28,261.28,*7A
127848,294,GPGGA,190743,-2.48,-0.15,2.56,-0.04,-0.01,0.98,0.13,-0.2,-0.76,-0.75,2.1,261.51,*7A
127906,29,,,-4.59,-0.56,-2.67,-0.08,0.04,0.97,0.13,-0.21,-0.76,2.32,4.89,259.49,*7A
127963,285,,,-4.41,-1.44,3.08,-0.09,0,0.98,0.12,-0.21,-0.75,0.24,5.16,255.58,*7A
128020,285,,,-0.81,-0.42,1.09,-0.09,0.02,0.97,0.11,-0.21,-0.75,1.36,5.44,253.89,*7A
12807,285,,,-1.52,-2.26,-1.58,-0.09,0.02,1,0.12,-0.22,-0.75,1.05,5.01,255.84,*7A
128134,283,,,-0.45,0.6,-5.1,-0.08,0,0.96,0.12,-0.22,-0.76,0.16,4.92,253.37,*7A
128191,276,,,-0.15,-5.95,-1.24,-0.11,0.03,1,0.12,-0.22,-0.76,1.7,6.06,253.68,*7A
128248,274,,,5.38,12.41,0.38,-0.04,0.01,1.03,0.11,-0.22,-0.76,0.77,2.05,251.72,*7A
128305,278,,,7.16,8.88,0.83,-0.11,0,1.03,0.13,-0.22,-0.77,0.24,6.05,256.4,*7A
128362,268,,,4.3,7.56,-1.79,-0.1,0.01,0.9,0.13,-0.22,-0.76,0.39,6.52,258.51,*7A
128419,280,,,-2.67,-6.08,0.23,0,0.01,0.9,0.13,-0.21,-0.77,-0.53,8.97,259.27,*7A
128550,268,,,-4.96,0.66,-4.39,-0.08,0.01,0.94,0.13,-0.21,-0.75,0.4,4.88,261.67,*7A
128670,261,,,-15.21,-7.84,-5.82,-0.14,0.08,0.93,0.13,-0.22,-0.7,4.89,8.52,260.32,*7A
128800,267,,,12.5,21.61,12.36,-0.05,0.04,0.96,0.13,-0.22,-0.65,2.42,2.79,259.89,*7A